voiceID,meanF0Hz,ActualGender,Prediction
Data/Female/b0446.wav,178.6516853932584,F,F
Data/Female/a0538.wav,193.90243902439022,F,F
Data/Male/a0069.wav,120.45454545454542,M,M
Data/Female/b0483.wav,214.86486486486484,F,F
Data/Female/b0045.wav,170.05833905284828,F,F
Data/Male/a0150.wav,112.7659574468085,M,M
Data/Female/b0064.wav,193.90243902439022,F,F
Data/Female/rp-03.wav,220.8333333333333,F,F
Data/Male/b0261.wav,113.57142857142856,M,M
Data/Male/en-0188.wav,103.24675324675323,M,M
Data/Male/b0501.wav,139.4736842105263,M,M
Data/Male/b0125.wav,109.65517241379308,M,M
Data/Female/b0362.wav,184.88372093023253,F,F
Data/Female/b0013.wav,178.6516853932584,F,F
Data/Male/b0303.wav,101.27388535031845,M,M
Data/Female/b0040.wav,171.89691444600277,F,F
Data/Male/rb-22.wav,112.7659574468085,M,M
Data/Female/b0489.wav,173.77568084089822,F,F
Data/Male/ar-17.wav,137.06896551724137,M,M
Data/Male/a0249.wav,117.77777777777776,M,M
Data/Male/b0082.wav,127.19999999999997,M,M
Data/Male/a0274.wav,122.78175313059032,M,M
Data/Male/a0304.wav,169.14893617021272,M,F
Data/Male/a0143.wav,121.3740458015267,M,M
Data/Male/a0399.wav,117.77777777777776,M,M
Data/Male/b0098.wav,113.57142857142856,M,M
Data/Female/b0158.wav,209.21052631578942,F,F
Data/Male/a0161.wav,118.65671641791045,M,M
Data/Male/a0338.wav,94.64285714285712,M,M
Data/Male/b0313.wav,90.85714285714285,M,M
Data/Male/a0014.wav,129.2682926829268,M,M
Data/Female/a0189.wav,206.49350649350646,F,F
Data/Female/ar-16.wav,165.62499999999997,F,F
Data/Male/rp-18.wav,168.2586786114221,M,F
Data/Male/a0012.wav,121.8408690546095,M,M
Data/Male/a0257.wav,118.65671641791045,M,M
Data/Male/a0320.wav,141.9642857142857,M,M
Data/Male/a0284.wav,112.7659574468085,M,M
Data/Male/b0439.wav,116.05839416058392,M,M
Data/Male/ar-23.wav,109.65517241379308,M,M
Data/Female/en-0532.wav,223.94366197183095,F,F
Data/Male/b0426.wav,106.71140939597313,M,M
Data/Female/a0460.wav,274.13793103448273,F,F
Data/Male/b0274.wav,126.19047619047618,M,M
Data/Male/b0533.wav,133.61344537815123,M,M
Data/Female/a0240.wav,149.99999999999997,F,M
Data/Male/b0072.wav,89.3258426966292,M,M
Data/Female/b0051.wav,167.36842105263153,F,F
Data/Female/a0541.wav,187.05882352941174,F,F
Data/Male/rb-13.wav,93.52941176470587,M,M
Data/Male/b0025.wav,108.90410958904108,M,M
Data/Male/a0483.wav,95.78313253012047,M,M
Data/Female/b0466.wav,166.49671052631575,F,F
Data/Male/rp-24.wav,109.65517241379308,M,M
Data/Male/b0292.wav,95.78313253012047,M,M
Data/Female/rb-33.wav,209.21052631578942,F,F
Data/Female/b0084.wav,193.90243902439022,F,F
Data/Female/b0493.wav,155.88235294117646,F,M
Data/Female/rp-06.wav,227.1428571428571,F,F
Data/Male/rb-28 copy.wav,138.26086956521738,M,M
Data/Male/b0018.wav,178.6516853932584,M,F
Data/Male/b0103.wav,133.61344537815123,M,M
Data/Male/a0355.wav,124.21874999999999,M,M
Data/Male/a0592.wav,174.72527472527472,M,F
Data/Male/a0548.wav,126.19047619047618,M,M
Data/Female/a0192.wav,203.8461538461538,F,F
Data/Male/b0084.wav,124.70780019685037,M,M
Data/Female/a0592.wav,252.38095238095235,F,F
Data/Male/b0310.wav,107.43243243243242,M,M
Data/Male/b0056.wav,117.77777777777776,M,M
Data/Female/b0481.wav,233.8235294117647,F,F
Data/Male/a0013.wav,129.2682926829268,M,M
Data/Male/a0124.wav,149.99999999999997,M,M
Data/Female/ar-24.wav,182.75862068965515,F,F
Data/Male/b0461.wav,103.92156862745097,M,M
Data/Male/b0049.wav,89.83050847457626,M,M
Data/Female/a0253.wav,169.14893617021272,F,F
Data/Male/b0167.wav,148.59813084112147,M,M
Data/Male/b0046.wav,114.38848920863306,M,M
Data/Male/b0202.wav,142.60376447876445,M,M
Data/Female/b0258.wav,233.8235294117647,F,F
Data/Female/a0410.wav,213.4324324324324,F,F
Data/Female/a0355.wav,193.90243902439022,F,F
Data/Male/b0288 copy.wav,429.7297297297297,M,F
Data/Male/a0303.wav,131.40495867768593,M,M
Data/Male/a0267.wav,111.18881118881117,M,M
Data/Male/rp-06.wav,96.95121951219511,M,M
Data/Male/a0205.wav,101.9230769230769,M,M
Data/Female/ar-13.wav,182.75862068965515,F,F
Data/Male/b0502.wav,160.60606060606057,M,M
Data/Male/b0309.wav,108.16326530612243,M,M
Data/Male/rb-26.wav,130.327868852459,M,M
Data/Male/a0166.wav,116.91176470588235,M,M
Data/Male/b0057.wav,110.41666666666664,M,M
Data/Male/a0387.wav,157.42574257425738,M,M
Data/Male/rp-02.wav,90.34090909090908,M,M
Data/Female/b0360.wav,172.82608695652172,F,F
Data/Male/a0351.wav,126.69523809523807,M,M
Data/Male/a0031.wav,144.54545454545453,M,M
Data/Female/en-0654.wav,214.86486486486484,F,F
Data/Male/a0458.wav,88.82681564245809,M,M
Data/Female/en-0649.wav,227.1428571428571,F,F
Data/Male/a0386.wav,158.99999999999997,M,M
Data/Male/b0267.wav,111.18881118881117,M,M
Data/Female/b0328.wav,162.24489795918365,F,F
Data/Female/a0487.wav,154.36893203883494,F,M
Data/Female/b0145.wav,167.36842105263153,F,F
Data/Male/b0214.wav,141.9642857142857,M,M
Data/Male/rp-28.wav,107.43243243243242,M,M
Data/Male/a0392.wav,120.91429562803606,M,M
Data/Male/a0071.wav,110.80273892773891,M,M
Data/Male/b0099.wav,113.57142857142856,M,M
Data/Male/b0198.wav,128.2341463414634,M,M
Data/Male/a0501.wav,122.30769230769228,M,M
Data/Female/a0191.wav,198.74999999999997,F,F
Data/Female/a0174.wav,209.21052631578942,F,F
Data/Female/a0362.wav,143.24324324324323,F,M
Data/Male/a0376.wav,103.92156862745097,M,M
Data/Male/b0063.wav,126.19047619047618,M,M
Data/Male/b0081.wav,131.40495867768593,M,M
Data/Male/a0220.wav,110.41666666666664,M,M
Data/Male/b0131.wav,115.21739130434781,M,M
Data/Male/b0507.wav,176.66666666666663,M,F
Data/Female/a0361.wav,189.28571428571425,F,F
Data/Male/a0500.wav,124.21874999999999,M,M
Data/Male/a0585.wav,93.53264818851862,M,M
Data/Male/a0154.wav,104.60526315789471,M,M
Data/Male/b0374.wav,110.41666666666664,M,M
Data/Male/a0070.wav,114.38848920863306,M,M
Data/Female/a0175.wav,198.74999999999997,F,F
Data/Female/a0241.wav,169.14893617021272,F,F
Data/Female/a0322.wav,162.24489795918365,F,F
Data/Male/b0173.wav,112.7659574468085,M,M
Data/Female/a0445.wav,117.34477124183005,F,M
Data/Male/a0300.wav,90.85714285714285,M,M
Data/Female/en-0651.wav,214.86486486486484,F,F
Data/Male/a0312.wav,151.42857142857142,M,M
Data/Male/b0170.wav,139.4736842105263,M,M
Data/Male/a0277.wav,138.26086956521738,M,M
Data/Female/b0171.wav,180.68181818181816,F,F
Data/Male/a0362.wav,131.40495867768593,M,M
Data/Female/b0486.wav,203.8461538461538,F,F
Data/Male/b0263.wav,114.38848920863306,M,M
Data/Male/b0513.wav,101.9230769230769,M,M
Data/Male/a0195.wav,126.19047619047618,M,M
Data/Male/a0285.wav,103.24675324675323,M,M
Data/Female/a0256.wav,170.96774193548384,F,F
Data/Female/a0389.wav,240.90909090909085,F,F
Data/Male/a0184.wav,139.4736842105263,M,M
Data/Male/a0212.wav,135.89743589743588,M,M
Data/Male/ar-04.wav,144.54545454545453,M,M
Data/Female/a0442.wav,211.99999999999997,F,F
Data/Male/b0048.wav,95.20958083832333,M,M
Data/Male/b0481.wav,145.87155963302752,M,M
Data/Male/b0130.wav,113.57142857142856,M,M
Data/Male/b0240.wav,112.7659574468085,M,M
Data/Male/b0120.wav,107.43243243243242,M,M
Data/Male/a0509.wav,167.36842105263153,M,F
Data/Female/b0494.wav,163.08121186618973,F,F
Data/Female/b0272.wav,176.66666666666663,F,F
Data/Male/a0470.wav,111.97183098591547,M,M
Data/Male/a0427.wav,92.98245614035086,M,M
Data/Female/b0192.wav,198.74999999999997,F,F
Data/Female/b0035.wav,191.56626506024094,F,F
Data/Female/a0482.wav,149.99999999999997,F,M
Data/Male/rb-09.wav,94.64285714285712,M,M
Data/Male/a0050.wav,118.65671641791045,M,M
Data/Female/en-0653.wav,211.99999999999997,F,F
Data/Female/b0505.wav,163.91752577319585,F,F
Data/Male/a0066.wav,133.61344537815123,M,M
Data/Male/rb-27 copy.wav,117.34477124183005,M,M
Data/Male/a0215.wav,117.77777777777776,M,M
Data/Male/rp-07.wav,86.88524590163932,M,M
Data/Male/b0154.wav,176.66666666666663,M,F
Data/Male/a0401.wav,211.99999999999997,M,F
Data/Female/b0280.wav,193.90243902439022,F,F
Data/Male/a0048.wav,120.45454545454542,M,M
Data/Male/b0015.wav,149.99999999999997,M,M
Data/Male/b0176.wav,104.26341589267284,M,M
Data/Male/b0300.wav,137.66491754122939,M,M
Data/Male/a0081.wav,105.29801324503309,M,M
Data/Male/a0194.wav,124.21874999999999,M,M
Data/Male/a0294.wav,157.42574257425738,M,M
Data/Male/a0193.wav,122.30769230769228,M,M
Data/Female/b0169.wav,223.94366197183095,F,F
Data/Female/a0037.wav,227.1428571428571,F,F
Data/Male/b0092.wav,97.54601226993864,M,M
Data/Male/a0313.wav,141.9642857142857,M,M
Data/Male/b0117.wav,112.7659574468085,M,M
Data/Female/b0167.wav,230.43478260869563,F,F
Data/Female/b0304.wav,223.94366197183095,F,F
Data/Female/a0012.wav,230.43478260869563,F,F
Data/Male/a0478.wav,160.60606060606057,M,M
Data/Male/b0035.wav,124.21874999999999,M,M
Data/Male/a0543.wav,154.36893203883494,M,M
Data/Male/a0552.wav,85.48387096774192,M,M
Data/Male/b0386.wav,105.29801324503309,M,M
Data/Male/a0417.wav,157.42574257425738,M,M
Data/Male/b0128.wav,116.91176470588235,M,M
Data/Male/b0218 copy.wav,129.2682926829268,M,M
Data/Male/b0289 copy.wav,418.42105263157885,M,F
Data/Female/b0195.wav,211.99999999999997,F,F
Data/Female/b0086.wav,223.94366197183095,F,F
Data/Male/a0388.wav,170.96774193548384,M,F
Data/Female/a0039.wav,214.86486486486484,F,F
Data/Male/b0192.wav,126.19047619047618,M,M
Data/Male/ar-18.wav,94.08284023668638,M,M
Data/Male/b0189.wav,94.36284868977175,M,M
Data/Female/en-0533.wav,214.86486486486484,F,F
Data/Female/b0482.wav,227.1428571428571,F,F
Data/Male/b0246.wav,95.78313253012047,M,M
Data/Female/rb-02.wav,237.3134328358209,F,F
Data/Male/b0270.wav,94.64285714285712,M,M
Data/Female/a0395.wav,165.62499999999997,F,F
Data/Female/rb-18.wav,227.1428571428571,F,F
Data/Male/a0217.wav,163.91752577319585,M,F
Data/Female/b0241.wav,162.24489795918365,F,F
Data/Female/a0013.wav,166.49671052631575,F,F
Data/Male/a0223.wav,120.45454545454542,M,M
Data/Male/b0491.wav,114.38848920863306,M,M
Data/Female/b0308.wav,157.42574257425738,F,M
Data/Male/b0021.wav,110.41666666666664,M,M
Data/Male/b0462.wav,95.20958083832333,M,M
Data/Male/b0482.wav,145.87155963302752,M,M
Data/Male/b0450.wav,139.4736842105263,M,M
Data/Male/b0509.wav,155.88235294117646,M,M
Data/Female/en-0922.wav,196.29629629629628,F,F
Data/Male/a0368.wav,128.22580645161287,M,M
Data/Male/a0577.wav,112.7659574468085,M,M
Data/Female/a0523.wav,136.48320070733863,F,M
Data/Male/b0055.wav,111.97183098591547,M,M
Data/Female/b0325.wav,158.99999999999997,F,M
Data/Female/a0393.wav,223.94366197183095,F,F
Data/Male/a0369.wav,129.2682926829268,M,M
Data/Male/a0272.wav,115.21739130434781,M,M
Data/Male/b0483.wav,132.49999999999997,M,M
Data/Male/a0448.wav,96.36363636363636,M,M
Data/Male/a0276.wav,124.21874999999999,M,M
Data/Male/a0135.wav,116.05839416058392,M,M
Data/Female/rp-11.wav,211.99999999999997,F,F
Data/Male/b0197.wav,134.7457627118644,M,M
Data/Male/a0148.wav,111.18881118881117,M,M
Data/Male/a0292.wav,143.24324324324323,M,M
Data/Male/a0569.wav,131.95247933884295,M,M
Data/Male/a0563.wav,88.82681564245809,M,M
Data/Female/b0262.wav,182.75862068965515,F,F
Data/Male/b0160 copy.wav,206.49350649350646,M,F
Data/Male/b0245.wav,87.12394163213834,M,M
Data/Male/b0238.wav,107.79784886927743,M,M
Data/Male/a0520.wav,125.69366329208847,M,M
Data/Male/a0529.wav,108.90410958904108,M,M
Data/Female/b0162.wav,244.61538461538456,F,F
Data/Female/b0242.wav,158.99999999999997,F,M
Data/Female/ar-02.wav,178.6516853932584,F,F
Data/Male/en-0193.wav,114.38848920863306,M,M
Data/Female/b0335.wav,220.8333333333333,F,F
Data/Male/b0234.wav,119.54887218045111,M,M
Data/Female/b0321.wav,163.91752577319585,F,F
Data/Female/a0207.wav,269.4915254237288,F,F
Data/Female/a0011.wav,152.88461538461536,F,M
Data/Male/b0160.wav,191.56626506024094,M,F
Data/Male/b0179.wav,104.60526315789471,M,M
Data/Male/a0247.wav,129.2682926829268,M,M
Data/Male/b0161.wav,184.88372093023253,M,F
Data/Female/a0386.wav,237.3134328358209,F,F
Data/Female/b0261.wav,198.74999999999997,F,F
Data/Male/b0538.wav,124.21874999999999,M,M
Data/Female/b0198.wav,190.4259896729776,F,F
Data/Female/b0309.wav,154.36893203883494,F,M
Data/Male/b0414.wav,116.91176470588235,M,M
Data/Female/b0156.wav,163.08121186618973,F,F
Data/Female/rb-20.wav,242.7622377622377,F,F
Data/Male/b0385.wav,116.91176470588235,M,M
Data/Female/rb-09.wav,248.43749999999997,F,F
Data/Female/b0340.wav,211.99999999999997,F,F
Data/Male/b0514.wav,140.70796460176987,M,M
Data/Female/a0408.wav,220.8333333333333,F,F
Data/Male/rb-29.wav,140.70796460176987,M,M
Data/Male/a0307.wav,121.3740458015267,M,M
Data/Female/a0237.wav,163.91752577319585,F,F
Data/Male/a0042.wav,140.70796460176987,M,M
Data/Male/a0186.wav,115.21739130434781,M,M
Data/Male/b0404.wav,117.77777777777776,M,M
Data/Male/a0590.wav,193.90243902439022,M,F
Data/Male/b0420.wav,108.90410958904108,M,M
Data/Male/a0505.wav,141.9642857142857,M,M
Data/Female/a0248.wav,196.29629629629628,F,F
Data/Female/a0457.wav,256.45161290322574,F,F
Data/Female/b0327.wav,174.72527472527472,F,F
Data/Male/a0393.wav,108.16326530612243,M,M
Data/Male/b0150.wav,134.7457627118644,M,M
Data/Male/a0567.wav,163.91752577319585,M,F
Data/Male/a0197.wav,124.21874999999999,M,M
Data/Male/a0054.wav,117.35755528924719,M,M
Data/Male/a0321.wav,132.49999999999997,M,M
Data/Male/a0233.wav,93.52941176470587,M,M
Data/Male/b0148.wav,151.42857142857142,M,M
Data/Male/a0528.wav,87.8453038674033,M,M
Data/Male/b0290.wav,107.43243243243242,M,M
Data/Female/b0329.wav,173.77568084089822,F,F
Data/Female/b0214.wav,187.05882352941174,F,F
Data/Male/a0340.wav,242.7622377622377,M,F
Data/Male/b0242.wav,174.72527472527472,M,F
Data/Male/b0463.wav,92.98245614035086,M,M
Data/Female/b0295.wav,182.75862068965515,F,F
Data/Male/a0179.wav,114.38848920863306,M,M
Data/Female/a0528.wav,139.4736842105263,F,M
Data/Male/b0397.wav,130.327868852459,M,M
Data/Male/ar-05.wav,121.3740458015267,M,M
Data/Female/a0439.wav,209.21052631578942,F,F
Data/Female/a0463.wav,252.38095238095235,F,F
Data/Female/a0239.wav,152.88461538461536,F,M
Data/Male/a0323.wav,108.16326530612243,M,M
Data/Female/a0195.wav,227.1428571428571,F,F
Data/Male/rb-25 copy.wav,111.97183098591547,M,M
Data/Male/b0028.wav,111.18881118881117,M,M
Data/Male/b0033.wav,125.19685039370076,M,M
Data/Male/a0382.wav,143.24324324324323,M,M
Data/Male/b0436.wav,129.2682926829268,M,M
Data/Female/a0518.wav,242.7622377622377,F,F
Data/Male/a0033.wav,112.7659574468085,M,M
Data/Male/a0025.wav,123.25581395348836,M,M
Data/Male/a0576.wav,128.22580645161287,M,M
Data/Male/b0236.wav,111.18881118881117,M,M
Data/Female/a0526.wav,131.40495867768593,F,M
Data/Female/a0233.wav,191.56626506024094,F,F
Data/Male/b0532.wav,134.1796040450078,M,M
Data/Male/a0106.wav,130.327868852459,M,M
Data/Male/a0357.wav,122.30769230769228,M,M
Data/Male/b0457.wav,109.65517241379308,M,M
Data/Male/a0241.wav,95.50324675324674,M,M
Data/Male/b0527.wav,118.65671641791045,M,M
Data/Female/b0172.wav,179.66675178753826,F,F
Data/Male/b0005.wav,154.36893203883494,M,M
Data/Female/ar-22.wav,167.36842105263153,F,F
Data/Female/b0149.wav,223.94366197183095,F,F
Data/Male/a0018.wav,109.65517241379308,M,M
Data/Male/a0449.wav,94.08284023668638,M,M
Data/Female/a0036.wav,227.1428571428571,F,F
Data/Male/a0270.wav,117.77777777777776,M,M
Data/Male/a0151.wav,111.18881118881117,M,M
Data/Female/b0500.wav,193.90243902439022,F,F
Data/Male/b0254.wav,115.22344168460849,M,M
Data/Male/b0014.wav,184.88372093023253,M,F
Data/Male/b0147.wav,141.9642857142857,M,M
Data/Male/a0037.wav,115.21739130434781,M,M
Data/Male/a0311.wav,132.49999999999997,M,M
Data/Male/b0107.wav,126.19047619047618,M,M
Data/Female/rb-36.wav,217.80821917808217,F,F
Data/Male/b0127.wav,110.41666666666664,M,M
Data/Male/b0526.wav,108.53368744758176,M,M
Data/Male/a0089.wav,132.49999999999997,M,M
Data/Male/b0521.wav,114.38848920863306,M,M
Data/Female/rb-15.wav,223.94366197183095,F,F
Data/Male/b0162.wav,169.14893617021272,M,F
Data/Female/a0196.wav,201.2658227848101,F,F
Data/Male/b0185.wav,108.16326530612243,M,M
Data/Male/a0428.wav,98.75776397515526,M,M
Data/Male/b0232.wav,127.19999999999997,M,M
Data/Male/a0002.wav,133.0567226890756,M,M
Data/Female/b0282.wav,154.36893203883494,F,M
Data/Male/b0422.wav,109.65517241379308,M,M
Data/Female/a0397.wav,193.90243902439022,F,F
Data/Male/b0351.wav,163.08121186618973,M,F
Data/Male/b0129.wav,112.7659574468085,M,M
Data/Female/b0430.wav,157.42574257425738,F,M
Data/Female/b0502.wav,174.72527472527472,F,F
Data/Male/en-0191.wav,119.10279429918077,M,M
Data/Female/b0438.wav,152.88461538461536,F,M
Data/Male/a0086.wav,101.9230769230769,M,M
Data/Female/a0235.wav,211.99999999999997,F,F
Data/Female/en-0916.wav,182.75862068965515,F,F
Data/Male/b0221.wav,151.42857142857142,M,M
Data/Male/b0075.wav,93.52941176470587,M,M
Data/Male/b0465.wav,119.54887218045111,M,M
Data/Male/b0289.wav,93.52941176470587,M,M
Data/Male/a0176.wav,103.24675324675323,M,M
Data/Male/b0138.wav,93.52941176470587,M,M
Data/Male/b0136.wav,95.78313253012047,M,M
Data/Male/b0530.wav,138.26086956521738,M,M
Data/Male/a0517.wav,121.3740458015267,M,M
Data/Male/a0145.wav,120.45454545454542,M,M
Data/Male/ar-13.wav,137.06896551724137,M,M
Data/Male/b0373.wav,117.77777777777776,M,M
Data/Female/a0402.wav,189.28571428571425,F,F
Data/Male/b0332.wav,128.22580645161287,M,M
Data/Female/b0063.wav,206.49350649350646,F,F
Data/Male/b0171.wav,129.2682926829268,M,M
Data/Male/a0367.wav,125.69366329208847,M,M
Data/Male/a0281.wav,98.75776397515526,M,M
Data/Male/b0424.wav,115.21739130434781,M,M
Data/Female/b0314.wav,154.36893203883494,F,M
Data/Male/a0421.wav,125.19685039370076,M,M
Data/Male/a0090.wav,129.2682926829268,M,M
Data/Male/ar-09.wav,128.74704956726984,M,M
Data/Male/b0372.wav,115.63789273246587,M,M
Data/Female/a0252.wav,187.05882352941174,F,F
Data/Male/b0013.wav,148.59813084112147,M,M
Data/Male/rp-23.wav,109.65517241379308,M,M
Data/Male/b0065.wav,126.19047619047618,M,M
Data/Male/b0016.wav,147.91017653167182,M,M
Data/Female/en-0726.wav,201.2658227848101,F,F
Data/Male/b0485.wav,154.36893203883494,M,M
Data/Female/b0313.wav,150.7142857142857,F,M
Data/Male/b0338.wav,90.85714285714285,M,M
Data/Male/a0147.wav,117.77777777777776,M,M
Data/Male/a0123.wav,145.87155963302752,M,M
Data/Male/a0168.wav,94.64285714285712,M,M
Data/Male/rb-25.wav,134.7457627118644,M,M
Data/Male/ar-02.wav,101.27388535031845,M,M
Data/Male/b0288.wav,89.3258426966292,M,M
Data/Male/a0352.wav,116.05839416058392,M,M
Data/Female/a0034.wav,237.3134328358209,F,F
Data/Male/a0451.wav,92.44186046511626,M,M
Data/Male/a0385.wav,163.91752577319585,M,F
Data/Female/a0366.wav,147.2222222222222,F,M
Data/Male/a0110.wav,93.80612600069612,M,M
Data/Female/b0010.wav,192.73435204231558,F,F
Data/Female/a0353.wav,201.2658227848101,F,F
Data/Male/a0360.wav,132.49999999999997,M,M
Data/Female/b0476.wav,233.8235294117647,F,F
Data/Male/a0591.wav,174.7463768115942,M,F
Data/Male/a0289.wav,126.19047619047618,M,M
Data/Male/b0417.wav,128.22580645161287,M,M
Data/Male/a0476.wav,150.7142857142857,M,M
Data/Female/b0144.wav,193.90243902439022,F,F
Data/Male/b0467.wav,154.36893203883494,M,M
Data/Female/a0513.wav,217.80821917808217,F,F
Data/Male/b0041.wav,115.21739130434781,M,M
Data/Male/a0137.wav,116.91176470588235,M,M
Data/Male/b0488.wav,118.21724709784411,M,M
Data/Male/a0129.wav,123.73728197674417,M,M
Data/Female/b0193.wav,209.21052631578942,F,F
Data/Male/b0140.wav,139.4736842105263,M,M
Data/Male/a0144.wav,121.3740458015267,M,M
Data/Female/a0170.wav,214.86486486486484,F,F
Data/Male/a0365.wav,137.06896551724137,M,M
Data/Male/b0331.wav,92.17468745799164,M,M
Data/Female/a0484.wav,189.28571428571425,F,F
Data/Male/b0052.wav,88.82681564245809,M,M
Data/Female/rb-11.wav,172.82608695652172,F,F
Data/Male/a0097.wav,98.14814814814814,M,M
Data/Male/b0156.wav,189.28571428571425,M,F
Data/Male/b0029.wav,105.29801324503309,M,M
Data/Male/a0044.wav,119.54887218045111,M,M
Data/Male/rb-17.wav,95.20958083832333,M,M
Data/Male/a0165.wav,116.91176470588235,M,M
Data/Female/ar-17.wav,169.14893617021272,F,F
Data/Male/b0326.wav,184.88372093023253,M,F
Data/Female/a0440.wav,230.43478260869563,F,F
Data/Male/a0017.wav,130.327868852459,M,M
Data/Male/b0199.wav,141.9642857142857,M,M
Data/Male/a0353.wav,113.97995889003082,M,M
Data/Female/b0285.wav,206.49350649350646,F,F
Data/Male/a0157.wav,121.3740458015267,M,M
Data/Male/a0557.wav,93.52941176470587,M,M
Data/Male/a0231.wav,114.38848920863306,M,M
Data/Female/b0333.wav,196.29629629629628,F,F
Data/Male/a0510.wav,130.327868852459,M,M
Data/Female/a0186.wav,211.99999999999997,F,F
Data/Female/b0326.wav,174.72527472527472,F,F
Data/Male/a0187.wav,118.65671641791045,M,M
Data/Male/ar-14.wav,131.95247933884295,M,M
Data/Male/a0395.wav,124.21874999999999,M,M
Data/Female/a0246.wav,157.42574257425738,F,M
Data/Female/rp-12.wav,258.5536753040719,F,F
Data/Female/en-0923.wav,196.29629629629628,F,F
Data/Male/a0181.wav,125.19685039370076,M,M
Data/Female/b0159.wav,233.8235294117647,F,F
Data/Male/a0475.wav,144.54545454545453,M,M
Data/Female/a0521.wav,227.1428571428571,F,F
Data/Male/b0239.wav,111.97183098591547,M,M
Data/Female/b0439.wav,145.87155963302752,F,M
Data/Female/ar-20.wav,169.14893617021272,F,F
Data/Male/b0496.wav,117.34477124183005,M,M
Data/Male/a0008.wav,113.57142857142856,M,M
Data/Female/b0255.wav,211.99999999999997,F,F
Data/Male/b0433.wav,132.49999999999997,M,M
Data/Male/b0448.wav,124.21874999999999,M,M
Data/Female/a0490.wav,178.6516853932584,F,F
Data/Male/b0201.wav,135.89743589743588,M,M
Data/Male/ar-19.wav,101.27388535031845,M,M
Data/Male/b0146.wav,109.65517241379308,M,M
Data/Male/a0422.wav,151.42857142857142,M,M
Data/Male/b0445.wav,118.65671641791045,M,M
Data/Female/a0444.wav,122.30769230769228,F,M
Data/Male/a0466.wav,103.92156862745097,M,M
Data/Female/en-0733.wav,227.1428571428571,F,F
Data/Male/a0024.wav,108.90410958904108,M,M
Data/Male/b0059.wav,117.77777777777776,M,M
Data/Male/a0229.wav,112.7659574468085,M,M
Data/Male/a0178.wav,131.40495867768593,M,M
Data/Male/b0001.wav,167.36842105263153,M,F
Data/Male/a0432.wav,95.78313253012047,M,M
Data/Female/b0240.wav,165.62499999999997,F,F
Data/Female/b0257.wav,209.21052631578942,F,F
Data/Female/b0061.wav,209.21052631578942,F,F
Data/Male/b0210.wav,133.0567226890756,M,M
Data/Female/a0188.wav,189.28571428571425,F,F
Data/Male/a0565.wav,89.83050847457626,M,M
Data/Female/ar-08.wav,189.28571428571425,F,F
Data/Male/a0379.wav,182.78276955602536,M,F
Data/Female/b0477.wav,233.8235294117647,F,F
Data/Male/b0336.wav,89.3258426966292,M,M
Data/Male/b0391.wav,138.26086956521738,M,M
Data/Female/a0437.wav,178.6516853932584,F,F
Data/Male/a0032.wav,111.18881118881117,M,M
Data/Male/a0189.wav,126.19047619047618,M,M
Data/Female/a0208.wav,206.49350649350646,F,F
Data/Male/b0470.wav,123.25581395348836,M,M
Data/Male/ar-08.wav,123.25581395348836,M,M
Data/Male/a0117.wav,108.16326530612243,M,M
Data/Male/ar-20.wav,98.14814814814814,M,M
Data/Female/b0322.wav,162.24489795918365,F,F
Data/Female/b0365.wav,256.45161290322574,F,F
Data/Male/a0152.wav,108.16326530612243,M,M
Data/Male/a0062.wav,119.54887218045111,M,M
Data/Female/a0242.wav,155.88235294117646,F,M
Data/Male/b0518.wav,123.75227135069652,M,M
Data/Female/a0514.wav,174.72527472527472,F,F
Data/Female/b0032.wav,181.72021943573665,F,F
Data/Female/a0015.wav,206.49350649350646,F,F
Data/Male/b0155.wav,173.77568084089822,M,F
Data/Male/b0123.wav,108.90410958904108,M,M
Data/Female/b0298.wav,187.05882352941174,F,F
Data/Female/b0310.wav,158.99999999999997,F,M
Data/Male/a0495.wav,149.99999999999997,M,M
Data/Male/a0442.wav,119.54887218045111,M,M
Data/Male/a0554.wav,90.34090909090908,M,M
Data/Female/rp-02.wav,283.9285714285714,F,F
Data/Female/a0035.wav,206.49350649350646,F,F
Data/Male/b0003.wav,170.96774193548384,M,F
Data/Female/b0501.wav,172.82608695652172,F,F
Data/Female/a0193.wav,203.8461538461538,F,F
Data/Male/a0167.wav,96.36363636363636,M,M
Data/Female/b0274.wav,182.75862068965515,F,F
Data/Female/rb-04.wav,169.14893617021272,F,F
Data/Female/b0088.wav,192.73435204231558,F,F
Data/Male/b0350.wav,407.6923076923076,M,F
Data/Male/b0191.wav,109.65517241379308,M,M
Data/Male/a0359.wav,122.30769230769228,M,M
Data/Male/a0246.wav,127.19999999999997,M,M
Data/Female/a0033.wav,223.94366197183095,F,F
Data/Male/a0126.wav,141.9642857142857,M,M
Data/Male/b0368.wav,105.29801324503309,M,M
Data/Male/rp-19.wav,154.36893203883494,M,M
Data/Male/b0010.wav,151.42857142857142,M,M
Data/Male/b0219 copy.wav,125.19685039370076,M,M
Data/Male/a0149.wav,113.57142857142856,M,M
Data/Female/a0407.wav,201.2658227848101,F,F
Data/Male/a0298.wav,92.98245614035086,M,M
Data/Male/a0003.wav,163.91752577319585,M,F
Data/Female/b0270.wav,191.56626506024094,F,F
Data/Female/rb-01.wav,240.90909090909085,F,F
Data/Male/b0358.wav,220.8333333333333,M,F
Data/Male/a0103.wav,135.89743589743588,M,M
Data/Male/a0493.wav,139.4736842105263,M,M
Data/Male/a0394.wav,106.71140939597313,M,M
Data/Female/b0042.wav,180.68181818181816,F,F
Data/Male/b0262.wav,132.49999999999997,M,M
Data/Female/ar-04.wav,191.56626506024094,F,F
Data/Female/a0203.wav,157.42574257425738,F,M
Data/Male/a0286.wav,133.61344537815123,M,M
Data/Female/b0011.wav,182.75862068965515,F,F
Data/Female/a0381.wav,237.3134328358209,F,F
Data/Male/rp-14.wav,103.92156862745097,M,M
Data/Male/b0390.wav,127.71290322580643,M,M
Data/Male/rb-29 copy.wav,178.6516853932584,M,F
Data/Male/b0515.wav,110.41666666666664,M,M
Data/Female/b0001.wav,190.4259896729776,F,F
Data/Male/b0453.wav,138.26086956521738,M,M
Data/Female/b0497.wav,163.91752577319585,F,F
Data/Female/b0367.wav,220.8333333333333,F,F
Data/Male/a0211.wav,137.06896551724137,M,M
Data/Male/a0015.wav,94.08284023668638,M,M
Data/Female/b0434.wav,165.62499999999997,F,F
Data/Male/a0447.wav,230.43478260869563,M,F
Data/Female/a0550.wav,172.82608695652172,F,F
Data/Male/b0159.wav,203.8461538461538,M,F
Data/Male/a0238.wav,83.90559732664994,M,M
Data/Male/a0237.wav,122.78175313059032,M,M
Data/Female/b0499.wav,162.24489795918365,F,F
Data/Female/b0039.wav,191.56626506024094,F,F
Data/Male/b0334.wav,89.3258426966292,M,M
Data/Male/a0384.wav,140.70796460176987,M,M
Data/Male/b0250.wav,114.80294025649044,M,M
Data/Male/a0052.wav,114.80294025649044,M,M
Data/Female/b0157.wav,163.91752577319585,F,F
Data/Female/b0237.wav,174.72527472527472,F,F
Data/Male/b0126.wav,110.41666666666664,M,M
Data/Male/a0153.wav,111.18881118881117,M,M
Data/Male/rb-23.wav,118.21724709784411,M,M
Data/Male/b0325.wav,129.2682926829268,M,M
Data/Male/a0584.wav,95.20958083832333,M,M
Data/Male/b0226 copy.wav,126.19047619047618,M,M
Data/Female/a0206.wav,228.78881987577637,F,F
Data/Male/a0366.wav,125.19685039370076,M,M
Data/Female/b0324.wav,179.66675178753826,F,F
Data/Female/b0307.wav,165.62499999999997,F,F
Data/Male/b0183.wav,103.24675324675323,M,M
Data/Female/a0532.wav,135.89743589743588,F,M
Data/Male/a0474.wav,158.99999999999997,M,M
Data/Male/b0505.wav,151.42857142857142,M,M
Data/Male/a0183.wav,120.45454545454542,M,M
Data/Female/b0044.wav,176.66666666666663,F,F
Data/Male/a0295.wav,141.9642857142857,M,M
Data/Male/a0484.wav,103.5841609371021,M,M
Data/Male/a0080.wav,101.27388535031845,M,M
Data/Female/a0488.wav,173.77568084089822,F,F
Data/Male/b0361.wav,133.61344537815123,M,M
Data/Male/rb-11.wav,92.44186046511626,M,M
Data/Male/b0221 copy.wav,124.70780019685037,M,M
Data/Male/b0365.wav,129.7980807676929,M,M
Data/Male/b0322.wav,122.30769230769228,M,M
Data/Male/ar-21.wav,162.24489795918365,M,F
Data/Female/en-0539.wav,227.1428571428571,F,F
Data/Female/b0478.wav,116.05839416058392,F,M
Data/Male/b0362.wav,126.19047619047618,M,M
Data/Male/a0486.wav,93.52941176470587,M,M
Data/Male/a0485.wav,101.27388535031845,M,M
Data/Male/b0251.wav,124.21874999999999,M,M
Data/Male/b0487.wav,124.21874999999999,M,M
Data/Male/b0468.wav,121.3740458015267,M,M
Data/Male/a0456.wav,387.80487804878044,M,F
Data/Female/b0161.wav,233.8235294117647,F,F
Data/Male/a0034.wav,119.54887218045111,M,M
Data/Male/a0283.wav,108.90410958904108,M,M
Data/Male/ar-24.wav,103.24675324675323,M,M
Data/Female/rb-05.wav,244.61538461538456,F,F
Data/Male/a0494.wav,138.26086956521738,M,M
Data/Male/a0199.wav,125.19685039370076,M,M
Data/Male/b0038.wav,121.3740458015267,M,M
Data/Male/a0224.wav,114.38848920863306,M,M
Data/Male/a0019.wav,119.54887218045111,M,M
Data/Male/a0051.wav,111.18881118881117,M,M
Data/Male/a0035.wav,305.7692307692307,M,F
Data/Female/a0588.wav,206.49350649350646,F,F
Data/Male/a0559.wav,96.36363636363636,M,M
Data/Female/a0130.wav,179.66675178753826,F,F
Data/Male/b0282.wav,141.33612515802778,M,M
Data/Male/a0497.wav,149.29906542056074,M,M
Data/Female/a0382.wav,227.1428571428571,F,F
Data/Male/b0218.wav,149.29906542056074,M,M
Data/Female/b0472.wav,201.2658227848101,F,F
Data/Male/b0196.wav,135.89743589743588,M,M
Data/Male/a0460.wav,95.20958083832333,M,M
Data/Female/a0551.wav,178.6516853932584,F,F
Data/Female/b0215.wav,169.14893617021272,F,F
Data/Male/b0064.wav,124.21874999999999,M,M
Data/Male/rb-37.wav,165.62499999999997,M,F
Data/Male/ar-01.wav,101.9230769230769,M,M
Data/Male/a0005.wav,122.78175313059032,M,M
Data/Female/a0167.wav,214.86486486486484,F,F
Data/Female/a0359.wav,220.8333333333333,F,F
Data/Female/a0367.wav,155.88235294117646,F,M
Data/Male/a0251.wav,116.05839416058392,M,M
Data/Male/b0042.wav,121.3740458015267,M,M
Data/Female/b0048.wav,174.72527472527472,F,F
Data/Male/b0228.wav,155.88235294117646,M,M
Data/Male/b0432.wav,155.1256424900057,M,M
Data/Male/b0430.wav,134.7457627118644,M,M
Data/Male/b0409.wav,113.57142857142856,M,M
Data/Male/a0434.wav,124.21874999999999,M,M
Data/Female/a0387.wav,248.43749999999997,F,F
Data/Male/b0536.wav,127.19999999999997,M,M
Data/Male/b0351 copy.wav,397.49999999999994,M,F
Data/Male/b0149.wav,133.61344537815123,M,M
Data/Male/b0294.wav,124.21874999999999,M,M
Data/Male/a0190.wav,133.0567226890756,M,M
Data/Female/a0385.wav,311.7647058823529,F,F
Data/Male/a0155.wav,151.42857142857142,M,M
Data/Male/b0229.wav,158.21287128712868,M,M
Data/Male/a0094.wav,137.06896551724137,M,M
Data/Female/a0314.wav,162.24489795918365,F,F
Data/Male/b0283.wav,112.36889421636198,M,M
Data/Male/a0332.wav,144.54545454545453,M,M
Data/Male/b0474.wav,129.2682926829268,M,M
Data/Male/b0355 copy.wav,361.3636363636363,M,F
Data/Male/a0506.wav,128.22580645161287,M,M
Data/Male/b0286.wav,112.7659574468085,M,M
Data/Male/b0086.wav,130.86641376507248,M,M
Data/Male/b0091.wav,117.77777777777776,M,M
Data/Male/b0498.wav,116.91176470588235,M,M
Data/Female/b0197.wav,198.74999999999997,F,F
Data/Female/a0197.wav,169.14893617021272,F,F
Data/Female/a0371.wav,141.9642857142857,F,M
Data/Male/b0364.wav,129.7980807676929,M,M
Data/Female/a0455.wav,244.61538461538456,F,F
Data/Female/ar-14.wav,167.36842105263153,F,F
Data/Male/b0177.wav,134.7457627118644,M,M
Data/Male/b0040.wav,111.97183098591547,M,M
Data/Male/a0439.wav,124.21874999999999,M,M
Data/Female/b0487.wav,155.1256424900057,F,M
Data/Female/a0169.wav,233.8235294117647,F,F
Data/Male/b0259.wav,331.24999999999994,M,F
Data/Male/a0424.wav,125.19685039370076,M,M
Data/Male/a0043.wav,116.91176470588235,M,M
Data/Female/a0199.wav,217.80821917808217,F,F
Data/Female/a0400.wav,209.21052631578942,F,F
Data/Male/a0371.wav,114.38848920863306,M,M
Data/Male/a0426.wav,118.65671641791045,M,M
Data/Male/a0049.wav,113.57142857142856,M,M
Data/Female/a0519.wav,223.94366197183095,F,F
Data/Female/rb-12.wav,233.8235294117647,F,F
Data/Female/a0004.wav,214.86486486486484,F,F
Data/Female/a0236.wav,230.43478260869563,F,F
Data/Male/b0271.wav,111.18881118881117,M,M
Data/Male/b0216.wav,123.25581395348836,M,M
Data/Female/b0495.wav,158.99999999999997,F,M
Data/Male/a0587.wav,95.20958083832333,M,M
Data/Female/rb-35.wav,240.90909090909085,F,F
Data/Female/b0059.wav,206.49350649350646,F,F
Data/Female/b0369.wav,244.61538461538456,F,F
Data/Male/a0573.wav,143.24324324324323,M,M
Data/Female/a0537.wav,198.74999999999997,F,F
Data/Male/b0083.wav,149.99999999999997,M,M
Data/Male/b0525.wav,116.91176470588235,M,M
Data/Male/b0476.wav,123.25581395348836,M,M
Data/Male/b0301.wav,135.89743589743588,M,M
Data/Male/b0408.wav,121.38111888111885,M,M
Data/Male/a0463.wav,102.91369920402177,M,M
Data/Male/a0200.wav,132.49999999999997,M,M
Data/Female/a0441.wav,211.99999999999997,F,F
Data/Female/b0370.wav,225.54325955734402,F,F
Data/Female/b0038.wav,169.14893617021272,F,F
Data/Female/b0422.wav,148.59813084112147,F,M
Data/Male/b0265.wav,113.57142857142856,M,M
Data/Male/b0343.wav,91.90751445086703,M,M
Data/Male/rb-14.wav,95.78313253012047,M,M
Data/Male/b0225 copy.wav,128.22580645161287,M,M
Data/Male/a0203.wav,147.27272727272725,M,M
Data/Female/a0190.wav,196.29629629629628,F,F
Data/Female/b0368.wav,227.1428571428571,F,F
Data/Male/b0293.wav,92.98245614035086,M,M
Data/Male/a0580.wav,101.9230769230769,M,M
Data/Male/b0088.wav,100.95339837136174,M,M
Data/Male/a0039.wav,111.97183098591547,M,M
Data/Male/b0030.wav,101.59848113669767,M,M
Data/Male/rp-25.wav,104.60526315789471,M,M
Data/Female/b0275.wav,170.96774193548384,F,F
Data/Male/a0396.wav,125.19685039370076,M,M
Data/Female/en-0728.wav,217.80821917808217,F,F
Data/Male/a0404.wav,217.80821917808217,M,F
Data/Male/b0045.wav,116.91176470588235,M,M
Data/Male/a0481.wav,89.57817558560274,M,M
Data/Male/b0093.wav,100.31645569620252,M,M
Data/Female/ar-18.wav,233.8235294117647,F,F
Data/Female/b0166.wav,223.94366197183095,F,F
Data/Female/a0181.wav,180.68181818181816,F,F
Data/Male/b0044.wav,112.7659574468085,M,M
Data/Female/a0587.wav,252.38095238095235,F,F
Data/Male/a0553.wav,89.3258426966292,M,M
Data/Male/a0343.wav,106.71140939597313,M,M
Data/Male/b0400.wav,136.48320070733863,M,M
Data/Male/a0182.wav,127.71290322580643,M,M
Data/Female/ar-23.wav,169.14893617021272,F,F
Data/Female/b0046.wav,184.88372093023253,F,F
Data/Male/a0327.wav,132.49999999999997,M,M
Data/Male/b0428.wav,135.89743589743588,M,M
Data/Male/a0271.wav,117.77777777777776,M,M
Data/Male/b0366.wav,108.16326530612243,M,M
Data/Female/b0426.wav,147.2222222222222,F,M
Data/Male/b0411.wav,117.77777777777776,M,M
Data/Male/b0464.wav,127.19999999999997,M,M
Data/Male/b0213.wav,96.95121951219511,M,M
Data/Female/en-0652.wav,211.99999999999997,F,F
Data/Male/b0339.wav,89.83050847457626,M,M
Data/Female/a0404.wav,149.29906542056074,F,M
Data/Female/a0365.wav,151.42857142857142,F,M
Data/Male/b0497.wav,115.21739130434781,M,M
Data/Female/a0536.wav,198.74999999999997,F,F
Data/Male/b0321.wav,87.8453038674033,M,M
Data/Female/b0002.wav,203.8461538461538,F,F
Data/Male/rb-01.wav,114.38848920863306,M,M
Data/Male/a0515.wav,143.24324324324323,M,M
Data/Male/a0469.wav,103.92156862745097,M,M
Data/Male/a0411.wav,151.42857142857142,M,M
Data/Female/a0546.wav,230.43478260869563,F,F
Data/Female/b0273.wav,165.62499999999997,F,F
Data/Female/b0471.wav,149.99999999999997,F,M
Data/Male/rp-12.wav,108.90410958904108,M,M
Data/Female/en-0655.wav,201.2658227848101,F,F
Data/Female/a0316.wav,201.2658227848101,F,F
Data/Female/b0444.wav,172.82608695652172,F,F
Data/Female/b0334.wav,217.80821917808217,F,F
Data/Male/b0516.wav,111.18881118881117,M,M
Data/Female/en-0541.wav,220.8333333333333,F,F
Data/Female/a0388.wav,244.61538461538456,F,F
Data/Female/b0341.wav,209.21052631578942,F,F
Data/Male/b0492.wav,113.57142857142856,M,M
Data/Male/b0222.wav,96.36363636363636,M,M
Data/Female/b0361.wav,184.88372093023253,F,F
Data/Male/a0435.wav,127.19999999999997,M,M
Data/Male/a0535.wav,149.99999999999997,M,M
Data/Female/a0517.wav,248.43749999999997,F,F
Data/Male/a0122.wav,108.90410958904108,M,M
Data/Female/a0020.wav,182.75862068965515,F,F
Data/Male/a0378.wav,100.63291139240505,M,M
Data/Female/b0336.wav,192.73435204231558,F,F
Data/Female/b0200.wav,214.86486486486484,F,F
Data/Female/b0080.wav,214.86486486486484,F,F
Data/Male/ar-03.wav,108.90410958904108,M,M
Data/Female/a0401.wav,195.09936766034326,F,F
Data/Male/b0379.wav,169.14893617021272,M,F
Data/Female/b0164.wav,260.655737704918,F,F
Data/Male/b0449.wav,130.327868852459,M,M
Data/Female/b0353.wav,178.6516853932584,F,F
Data/Male/b0105.wav,122.30769230769228,M,M
Data/Male/rp-21.wav,154.36893203883494,M,M
Data/Male/a0455.wav,169.14893617021272,M,F
Data/Female/b0030.wav,172.82608695652172,F,F
Data/Female/b0016.wav,169.14893617021272,F,F
Data/Male/rb-05.wav,108.16326530612243,M,M
Data/Female/a0168.wav,217.80821917808217,F,F
Data/Male/b0469.wav,127.19999999999997,M,M
Data/Male/a0450.wav,92.98245614035086,M,M
Data/Female/ar-07.wav,160.60606060606057,F,F
Data/Male/a0373.wav,120.00170881749827,M,M
Data/Male/b0447.wav,131.40495867768593,M,M
Data/Female/a0485.wav,147.2222222222222,F,M
Data/Male/a0098.wav,124.21874999999999,M,M
Data/Male/a0092.wav,95.20958083832333,M,M
Data/Male/a0391.wav,102.2518610421836,M,M
Data/Male/a0317.wav,134.7457627118644,M,M
Data/Male/b0308.wav,105.99999999999999,M,M
Data/Male/a0180.wav,127.19999999999997,M,M
Data/Male/b0114.wav,116.91176470588235,M,M
Data/Male/b0297.wav,133.61344537815123,M,M
Data/Male/ar-15.wav,125.19685039370076,M,M
Data/Male/a0322.wav,103.92156862745097,M,M
Data/Female/a0134.wav,203.8461538461538,F,F
Data/Male/a0583.wav,278.9473684210526,M,F
Data/Male/a0139.wav,112.7659574468085,M,M
Data/Female/a0531.wav,198.74999999999997,F,F
Data/Male/b0342.wav,92.98245614035086,M,M
Data/Female/en-0656.wav,211.99999999999997,F,F
Data/Male/a0045.wav,116.05839416058392,M,M
Data/Male/b0024.wav,111.18881118881117,M,M
Data/Male/a0330.wav,143.24324324324323,M,M
Data/Male/a0462.wav,98.14814814814814,M,M
Data/Male/rp-13.wav,103.92156862745097,M,M
Data/Male/b0118.wav,125.19685039370076,M,M
Data/Male/a0425.wav,145.87155963302752,M,M
Data/Male/b0398.wav,120.45454545454542,M,M
Data/Male/b0253.wav,90.85714285714285,M,M
Data/Male/b0163.wav,121.3740458015267,M,M
Data/Male/b0145.wav,124.21874999999999,M,M
Data/Male/b0306.wav,109.65517241379308,M,M
Data/Male/rb-18.wav,135.89743589743588,M,M
Data/Male/b0268.wav,125.69366329208847,M,M
Data/Female/b0312.wav,154.36893203883494,F,M
Data/Female/ar-06.wav,176.66666666666663,F,F
Data/Male/a0214.wav,143.24324324324323,M,M
Data/Male/a0408.wav,145.87155963302752,M,M
Data/Female/ar-11.wav,180.68181818181816,F,F
Data/Male/a0279.wav,121.3740458015267,M,M
Data/Female/b0488.wav,170.96774193548384,F,F
Data/Female/b0303.wav,178.6516853932584,F,F
Data/Male/a0574.wav,122.30769230769228,M,M
Data/Male/en-0194.wav,122.30769230769228,M,M
Data/Male/b0480.wav,145.87155963302752,M,M
Data/Female/b0009.wav,169.14893617021272,F,F
Data/Female/a0530.wav,130.327868852459,F,M
Data/Male/a0287.wav,133.61344537815123,M,M
Data/Male/a0550.wav,126.19047619047618,M,M
Data/Female/a0313.wav,172.82608695652172,F,F
Data/Male/b0225.wav,149.99999999999997,M,M
Data/Female/b0467.wav,162.24489795918365,F,F
Data/Female/a0369.wav,145.87155963302752,F,M
Data/Male/b0264.wav,114.38848920863306,M,M
Data/Male/a0582.wav,89.83050847457626,M,M
Data/Male/a0173.wav,106.71140939597313,M,M
Data/Female/a0319.wav,170.96774193548384,F,F
Data/Female/a0539.wav,193.90243902439022,F,F
Data/Male/a0095.wav,97.54601226993864,M,M
Data/Male/a0083.wav,100.63291139240505,M,M
Data/Male/a0075.wav,116.91176470588235,M,M
Data/Male/a0084.wav,110.41666666666664,M,M
Data/Female/a0396.wav,196.29629629629628,F,F
Data/Male/b0378.wav,167.36842105263153,M,F
Data/Male/a0264.wav,117.77777777777776,M,M
Data/Male/b0419.wav,99.37499999999999,M,M
Data/Male/b0153.wav,107.07192091420278,M,M
Data/Male/b0026.wav,108.90410958904108,M,M
Data/Male/rb-28.wav,121.3740458015267,M,M
Data/Male/a0174.wav,99.99999999999999,M,M
Data/Female/b0033.wav,164.77126288659792,F,F
Data/Male/b0220.wav,140.70796460176987,M,M
Data/Female/rb-17.wav,220.8333333333333,F,F
Data/Female/rb-07.wav,248.43749999999997,F,F
Data/Male/rb-20.wav,122.30769230769228,M,M
Data/Female/en-0734.wav,203.8461538461538,F,F
Data/Female/a0384.wav,227.1428571428571,F,F
Data/Male/b0418.wav,101.9230769230769,M,M
Data/Male/a0444.wav,178.6516853932584,M,F
Data/Female/b0217.wav,227.1428571428571,F,F
Data/Female/en-0536.wav,223.94366197183095,F,F
Data/Female/b0490.wav,176.66666666666663,F,F
Data/Male/b0499.wav,151.42857142857142,M,M
Data/Male/ar-12.wav,135.89743589743588,M,M
Data/Male/b0233.wav,125.19685039370076,M,M
Data/Female/b0431.wav,154.36893203883494,F,M
Data/Female/a0356.wav,195.09936766034326,F,F
Data/Male/a0331.wav,169.14893617021272,M,F
Data/Male/b0273.wav,121.3740458015267,M,M
Data/Male/a0133.wav,113.57142857142856,M,M
Data/Male/a0119.wav,110.41666666666664,M,M
Data/Male/b0085.wav,128.22580645161287,M,M
Data/Male/a0473.wav,165.62499999999997,M,F
Data/Male/b0215.wav,152.88461538461536,M,M
Data/Male/a0004.wav,169.14893617021272,M,F
Data/Female/a0542.wav,180.68181818181816,F,F
Data/Female/b0049.wav,172.82608695652172,F,F
Data/Male/b0137.wav,102.5806451612903,M,M
Data/Female/b0199.wav,198.74999999999997,F,F
Data/Male/b0510.wav,118.65671641791045,M,M
Data/Male/b0230.wav,121.3740458015267,M,M
Data/Male/a0290.wav,132.49999999999997,M,M
Data/Male/a0441.wav,124.21874999999999,M,M
Data/Male/a0523.wav,117.77777777777776,M,M
Data/Male/a0007.wav,117.77777777777776,M,M
Data/Male/a0108.wav,97.54601226993864,M,M
Data/Male/b0080.wav,132.49999999999997,M,M
Data/Male/rb-21.wav,96.95121951219511,M,M
Data/Male/a0568.wav,170.05833905284828,M,F
Data/Female/a0446.wav,220.8333333333333,F,F
Data/Male/b0077.wav,144.54545454545453,M,M
Data/Male/b0401.wav,139.4736842105263,M,M
Data/Male/b0346.wav,95.4963566842219,M,M
Data/Male/a0540.wav,137.66491754122939,M,M
Data/Female/b0338.wav,230.43478260869563,F,F
Data/Male/ar-22.wav,106.71140939597313,M,M
Data/Female/a0129.wav,189.28571428571425,F,F
Data/Male/a0291.wav,137.06896551724137,M,M
Data/Male/a0314.wav,124.70780019685037,M,M
Data/Male/b0437.wav,109.65517241379308,M,M
Data/Male/a0496.wav,149.99999999999997,M,M
Data/Male/b0252.wav,116.91176470588235,M,M
Data/Female/b0281.wav,158.99999999999997,F,M
Data/Male/b0363.wav,134.7457627118644,M,M
Data/Male/a0068.wav,131.40495867768593,M,M
Data/Male/b0503.wav,151.42857142857142,M,M
Data/Female/a0456.wav,220.8333333333333,F,F
Data/Female/a0545.wav,217.80821917808217,F,F
Data/Male/a0159.wav,131.95247933884295,M,M
Data/Female/a0002.wav,206.49350649350646,F,F
Data/Female/b0151.wav,178.6516853932584,F,F
Data/Male/b0222 copy.wav,129.2682926829268,M,M
Data/Female/a0413.wav,200.00791139240505,F,F
Data/Male/rp-30.wav,103.24675324675323,M,M
Data/Male/a0488.wav,101.9230769230769,M,M
Data/Female/b0318.wav,155.88235294117646,F,M
Data/Male/b0388.wav,105.29801324503309,M,M
Data/Male/b0133.wav,108.16827101073676,M,M
Data/Male/rp-15.wav,105.29801324503309,M,M
Data/Male/b0304.wav,112.7659574468085,M,M
Data/Male/a0555.wav,125.19685039370076,M,M
Data/Male/b0158.wav,206.49350649350646,M,F
Data/Female/a0243.wav,163.91752577319585,F,F
Data/Male/rb-19.wav,121.3740458015267,M,M
Data/Male/a0479.wav,152.88461538461536,M,M
Data/Female/b0337.wav,278.9473684210526,F,F
Data/Male/a0350.wav,109.65517241379308,M,M
Data/Male/a0057.wav,109.65517241379308,M,M
Data/Male/b0174.wav,128.22580645161287,M,M
Data/Male/a0407.wav,131.95247933884295,M,M
Data/Male/b0090.wav,103.24675324675323,M,M
Data/Male/b0087.wav,115.21739130434781,M,M
Data/Male/b0008.wav,155.88235294117646,M,M
Data/Male/a0335.wav,143.24324324324323,M,M
Data/Male/b0324.wav,178.6516853932584,M,F
Data/Male/a0269.wav,113.57142857142856,M,M
Data/Male/b0370.wav,119.54887218045111,M,M
Data/Male/a0471.wav,113.57142857142856,M,M
Data/Male/b0144.wav,121.8408690546095,M,M
Data/Male/b0074.wav,84.57446808510636,M,M
Data/Male/b0490.wav,118.65671641791045,M,M
Data/Male/a0514.wav,99.99999999999999,M,M
Data/Female/b0427.wav,166.49671052631575,F,F
Data/Male/b0224.wav,181.72021943573665,M,F
Data/Male/a0348.wav,123.25581395348836,M,M
Data/Male/b0459.wav,98.14814814814814,M,M
Data/Male/rb-36.wav,182.75862068965515,M,F
Data/Male/b0523.wav,115.21739130434781,M,M
Data/Male/a0100.wav,129.2682926829268,M,M
Data/Male/ar-07.wav,117.77777777777776,M,M
Data/Male/b0434.wav,123.73728197674417,M,M
Data/Male/b0311.wav,104.60526315789471,M,M
Data/Male/b0431.wav,119.54887218045111,M,M
Data/Male/b0097.wav,112.7659574468085,M,M
Data/Female/rp-09.wav,209.21052631578942,F,F
Data/Male/b0519.wav,120.45454545454542,M,M
Data/Female/en-0735.wav,230.43478260869563,F,F
Data/Female/a0461.wav,248.43749999999997,F,F
Data/Female/b0485.wav,230.43478260869563,F,F
Data/Female/a0198.wav,176.66666666666663,F,F
Data/Female/b0372.wav,230.43478260869563,F,F
Data/Female/b0085.wav,211.99999999999997,F,F
Data/Male/b0122.wav,116.91176470588235,M,M
Data/Male/b0458.wav,147.2222222222222,M,M
Data/Female/a0173.wav,193.90243902439022,F,F
Data/Male/a0301.wav,86.88524590163932,M,M
Data/Male/a0101.wav,137.06896551724137,M,M
Data/Male/b0443.wav,144.54545454545453,M,M
Data/Male/a0067.wav,119.10279429918077,M,M
Data/Male/rp-16.wav,111.97183098591547,M,M
Data/Male/a0480.wav,174.72527472527472,M,F
Data/Female/b0147.wav,176.66666666666663,F,F
Data/Female/b0356.wav,182.75862068965515,F,F
Data/Male/a0113.wav,113.57142857142856,M,M
Data/Male/a0120.wav,112.7659574468085,M,M
Data/Female/b0364.wav,264.99999999999994,F,F
Data/Male/a0306.wav,148.59813084112147,M,M
Data/Male/a0532.wav,107.43243243243242,M,M
Data/Male/b0211.wav,117.77777777777776,M,M
Data/Male/rp-11.wav,102.5806451612903,M,M
Data/Male/b0193.wav,119.54887218045111,M,M
Data/Male/b0036.wav,121.3740458015267,M,M
Data/Female/b0081.wav,211.99999999999997,F,F
Data/Female/a0391.wav,235.5684811237928,F,F
Data/Female/a0317.wav,172.82608695652172,F,F
Data/Female/a0125.wav,198.74999999999997,F,F
Data/Male/b0375.wav,122.30769230769228,M,M
Data/Male/a0415.wav,135.89743589743588,M,M
Data/Male/b0053.wav,105.64900662251654,M,M
Data/Male/a0245.wav,121.3740458015267,M,M
Data/Female/a0549.wav,220.8333333333333,F,F
Data/Female/b0351.wav,189.28571428571425,F,F
Data/Male/a0418.wav,127.19999999999997,M,M
Data/Female/b0052.wav,163.91752577319585,F,F
Data/Male/rb-02.wav,105.99999999999999,M,M
Data/Male/a0549.wav,85.02673796791443,M,M
Data/Female/b0339.wav,220.8333333333333,F,F
Data/Male/ar-11.wav,131.40495867768593,M,M
Data/Male/a0551.wav,129.2682926829268,M,M
Data/Male/b0226.wav,152.88461538461536,M,M
Data/Male/b0535.wav,126.19047619047618,M,M
Data/Male/a0041.wav,109.65517241379308,M,M
Data/Male/b0307.wav,113.57142857142856,M,M
Data/Male/b0395.wav,140.0908244061481,M,M
Data/Female/b0235.wav,166.49671052631575,F,F
Data/Male/b0441.wav,117.77777777777776,M,M
Data/Male/b0356.wav,110.41666666666664,M,M
Data/Female/b0436.wav,151.42857142857142,F,M
Data/Female/a0438.wav,158.99999999999997,F,M
Data/Male/a0059.wav,115.21739130434781,M,M
Data/Male/b0517.wav,140.0908244061481,M,M
Data/Male/a0539.wav,109.65517241379308,M,M
Data/Male/b0413.wav,117.77777777777776,M,M
Data/Male/a0252.wav,127.19999999999997,M,M
Data/Female/b0025.wav,167.36842105263153,F,F
Data/Female/a0524.wav,160.60606060606057,F,F
Data/Male/a0132.wav,125.19685039370076,M,M
Data/Female/b0254.wav,209.21052631578942,F,F
Data/Female/b0027.wav,182.75862068965515,F,F
Data/Male/a0142.wav,120.45454545454542,M,M
Data/Male/a0354.wav,116.05839416058392,M,M
Data/Male/ar-10.wav,125.19685039370076,M,M
Data/Male/a0053.wav,138.26086956521738,M,M
Data/Male/b0272.wav,126.19047619047618,M,M
Data/Male/a0191.wav,140.70796460176987,M,M
Data/Male/rb-10.wav,94.64285714285712,M,M
Data/Female/b0491.wav,151.42857142857142,F,M
Data/Female/a0590.wav,233.8235294117647,F,F
Data/Male/b0406.wav,111.97183098591547,M,M
Data/Female/b0154.wav,172.82608695652172,F,F
Data/Male/a0414.wav,126.19047619047618,M,M
Data/Male/rp-08.wav,108.90410958904108,M,M
Data/Male/rb-23 copy.wav,125.19685039370076,M,M
Data/Male/a0457.wav,92.44186046511626,M,M
Data/Male/a0400.wav,125.19685039370076,M,M
Data/Male/rb-08.wav,106.71140939597313,M,M
Data/Male/a0537.wav,157.42574257425738,M,M
Data/Female/b0296.wav,182.75862068965515,F,F
Data/Female/b0423.wav,148.59813084112147,F,M
Data/Male/a0341.wav,113.57142857142856,M,M
Data/Male/a0038.wav,116.05839416058392,M,M
Data/Female/a0017.wav,167.36842105263153,F,F
Data/Female/a0462.wav,264.99999999999994,F,F
Data/Female/b0440.wav,151.42857142857142,F,M
Data/Male/b0275.wav,111.97183098591547,M,M
Data/Male/a0076.wav,107.43243243243242,M,M
Data/Female/en-0650.wav,216.33654202147352,F,F
Data/Female/en-0919.wav,196.29629629629628,F,F
Data/Male/a0492.wav,139.4736842105263,M,M
Data/Male/b0349.wav,111.97183098591547,M,M
Data/Female/b0050.wav,169.14893617021272,F,F
Data/Male/a0265.wav,116.91176470588235,M,M
Data/Female/a0412.wav,201.2658227848101,F,F
Data/Male/a0309.wav,119.10279429918077,M,M
Data/Male/a0487.wav,108.16326530612243,M,M
Data/Female/b0357.wav,182.75862068965515,F,F
Data/Female/b0065.wav,252.38095238095235,F,F
Data/Male/a0377.wav,98.14814814814814,M,M
Data/Female/a0166.wav,191.56626506024094,F,F
Data/Female/b0479.wav,206.49350649350646,F,F
Data/Female/a0363.wav,162.24489795918365,F,F
Data/Female/a0201.wav,162.24489795918365,F,F
Data/Male/a0006.wav,111.18881118881117,M,M
Data/Female/b0153.wav,158.99999999999997,F,M
Data/Male/b0494.wav,115.21739130434781,M,M
Data/Female/b0054.wav,160.60606060606057,F,F
Data/Female/b0062.wav,187.05882352941174,F,F
Data/Male/b0209.wav,144.54545454545453,M,M
Data/Male/a0250.wav,124.21874999999999,M,M
Data/Male/a0499.wav,118.65671641791045,M,M
Data/Female/ar-05.wav,163.91752577319585,F,F
Data/Male/b0335.wav,89.3258426966292,M,M
Data/Female/a0406.wav,203.8461538461538,F,F
Data/Male/a0440.wav,120.00170881749827,M,M
Data/Male/b0151.wav,152.88461538461536,M,M
Data/Male/a0409.wav,137.66491754122939,M,M
Data/Male/a0370.wav,94.08284023668638,M,M
Data/Male/b0508.wav,157.42574257425738,M,M
Data/Female/a0512.wav,209.21052631578942,F,F
Data/Male/b0394.wav,138.26086956521738,M,M
Data/Female/b0068.wav,191.56626506024094,F,F
Data/Male/a0112.wav,94.64285714285712,M,M
Data/Male/b0475.wav,122.30769230769228,M,M
Data/Male/a0374.wav,113.57142857142856,M,M
Data/Female/en-0727.wav,217.80821917808217,F,F
Data/Male/a0518.wav,121.3740458015267,M,M
Data/Male/b0315.wav,95.78313253012047,M,M
Data/Male/a0519.wav,116.05839416058392,M,M
Data/Male/b0175.wav,128.22580645161287,M,M
Data/Male/a0544.wav,154.36893203883494,M,M
Data/Male/b0113.wav,113.97995889003082,M,M
Data/Male/rb-07.wav,111.18881118881117,M,M
Data/Female/b0031.wav,185.97127222982215,F,F
Data/Male/b0207.wav,125.19685039370076,M,M
Data/Female/b0358.wav,178.6516853932584,F,F
Data/Male/rb-04.wav,116.05839416058392,M,M
Data/Male/a0437.wav,163.91752577319585,M,F
Data/Male/a0010.wav,116.91176470588235,M,M
Data/Male/a0058.wav,110.80273892773891,M,M
Data/Male/a0026.wav,114.38848920863306,M,M
Data/Male/b0318.wav,134.7457627118644,M,M
Data/Female/b0470.wav,201.2658227848101,F,F
Data/Female/en-0534.wav,206.49350649350646,F,F
Data/Female/b0468.wav,164.77126288659792,F,F
Data/Male/a0141.wav,116.05839416058392,M,M
Data/Male/a0566.wav,82.81249999999999,M,M
Data/Male/en-0185.wav,111.18881118881117,M,M
Data/Male/b0506.wav,151.42857142857142,M,M
Data/Female/b0300.wav,176.66666666666663,F,F
Data/Male/a0361.wav,127.19999999999997,M,M
Data/Male/b0020.wav,109.65517241379308,M,M
Data/Male/a0522.wav,116.91176470588235,M,M
Data/Male/a0381.wav,154.36893203883494,M,M
Data/Male/b0143.wav,143.24324324324323,M,M
Data/Male/a0419.wav,127.19999999999997,M,M
Data/Male/b0034.wav,123.25581395348836,M,M
Data/Male/a0325.wav,124.21874999999999,M,M
Data/Male/b0031.wav,127.19999999999997,M,M
Data/Male/en-0186.wav,116.91176470588235,M,M
Data/Male/rb-26 copy.wav,101.59848113669767,M,M
Data/Female/b0173.wav,172.82608695652172,F,F
Data/Female/ar-03.wav,203.8461538461538,F,F
Data/Male/a0207.wav,111.18881118881117,M,M
Data/Male/rb-31.wav,113.57142857142856,M,M
Data/Female/b0263.wav,174.72527472527472,F,F
Data/Female/b0425.wav,157.42574257425738,F,M
Data/Female/a0483.wav,147.2222222222222,F,M
Data/Female/a0544.wav,193.90243902439022,F,F
Data/Female/b0283.wav,158.99999999999997,F,M
Data/Male/a0459.wav,87.84798534798534,M,M
Data/Female/a0254.wav,157.42574257425738,F,M
Data/Female/a0529.wav,134.7457627118644,F,M
Data/Male/a0078.wav,111.58032108736333,M,M
Data/Male/rb-35.wav,152.88461538461536,M,M
Data/Female/en-0921.wav,189.28571428571425,F,F
Data/Male/a0079.wav,97.54601226993864,M,M
Data/Male/b0269.wav,122.30769230769228,M,M
Data/Male/b0277.wav,134.1796040450078,M,M
Data/Female/b0424.wav,163.08121186618973,F,F
Data/Male/a0431.wav,89.3258426966292,M,M
Data/Male/b0376.wav,162.24489795918365,M,F
Data/Male/rb-27.wav,127.71290322580643,M,M
Data/Male/b0357.wav,133.0567226890756,M,M
Data/Male/en-0192.wav,119.54887218045111,M,M
Data/Male/a0490.wav,107.07192091420278,M,M
Data/Male/a0169.wav,134.7457627118644,M,M
Data/Female/a0516.wav,217.80821917808217,F,F
Data/Male/rp-03.wav,96.36363636363636,M,M
Data/Male/a0192.wav,132.49999999999997,M,M
Data/Female/b0007.wav,196.29629629629628,F,F
Data/Female/b0363.wav,260.655737704918,F,F
Data/Male/a0198.wav,131.40495867768593,M,M
Data/Male/a0172.wav,100.63291139240505,M,M
Data/Male/b0500.wav,148.59813084112147,M,M
Data/Male/rp-10.wav,105.99999999999999,M,M
Data/Male/b0396.wav,126.19047619047618,M,M
Data/Female/b0260.wav,203.8461538461538,F,F
Data/Male/a0163.wav,112.7659574468085,M,M
Data/Male/rb-06.wav,109.65517241379308,M,M
Data/Female/a0251.wav,201.2658227848101,F,F
Data/Male/a0356.wav,116.05839416058392,M,M
Data/Male/a0305.wav,163.91752577319585,M,F
Data/Female/a0436.wav,173.77568084089822,F,F
Data/Male/b0367.wav,107.43243243243242,M,M
Data/Male/b0102.wav,144.54545454545453,M,M
Data/Male/a0530.wav,115.21739130434781,M,M
Data/Female/a0318.wav,157.42574257425738,F,M
Data/Female/ar-09.wav,165.62499999999997,F,F
Data/Male/b0504.wav,148.59813084112147,M,M
Data/Male/a0175.wav,101.9230769230769,M,M
Data/Male/a0390.wav,103.24675324675323,M,M
Data/Female/a0184.wav,169.14893617021272,F,F
Data/Female/a0364.wav,167.36842105263153,F,F
Data/Male/b0152.wav,109.65517241379308,M,M
Data/Male/a0513.wav,129.2682926829268,M,M
Data/Male/a0489.wav,141.9642857142857,M,M
Data/Male/a0185.wav,114.38848920863306,M,M
Data/Male/a0046.wav,111.18881118881117,M,M
Data/Male/rp-17.wav,111.97183098591547,M,M
Data/Male/a0436.wav,116.05839416058392,M,M
Data/Male/en-0189.wav,118.65671641791045,M,M
Data/Male/b0124.wav,111.18881118881117,M,M
Data/Male/a0170.wav,104.95163820146391,M,M
Data/Male/rb-32.wav,158.99999999999997,M,M
Data/Female/ar-15.wav,180.68181818181816,F,F
Data/Female/en-0647.wav,237.3134328358209,F,F
Data/Male/a0430.wav,92.98245614035086,M,M
Data/Female/b0498.wav,174.72527472527472,F,F
Data/Female/a0543.wav,189.28571428571425,F,F
Data/Male/a0236.wav,81.12244897959182,M,M
Data/Male/b0095.wav,110.03591954022986,M,M
Data/Male/b0223 copy.wav,127.71290322580643,M,M
Data/Female/b0278.wav,198.74999999999997,F,F
Data/Male/b0106.wav,130.327868852459,M,M
Data/Male/a0171.wav,100.63291139240505,M,M
Data/Male/rp-01.wav,93.52941176470587,M,M
Data/Male/b0115.wav,119.54887218045111,M,M
Data/Male/a0293.wav,147.2222222222222,M,M
Data/Male/b0381.wav,174.72527472527472,M,F
Data/Male/b0069.wav,123.25581395348836,M,M
Data/Male/a0579.wav,116.05839416058392,M,M
Data/Female/rb-14.wav,240.90909090909085,F,F
Data/Male/b0489.wav,122.30769230769228,M,M
Data/Male/a0296.wav,92.98245614035086,M,M
Data/Male/a0138.wav,116.91176470588235,M,M
Data/Female/b0003.wav,178.6516853932584,F,F
Data/Female/a0016.wav,169.14893617021272,F,F
Data/Male/a0508.wav,130.327868852459,M,M
Data/Male/b0305.wav,116.05839416058392,M,M
Data/Male/b0484.wav,147.2222222222222,M,M
Data/Male/b0089.wav,106.71140939597313,M,M
Data/Male/b0205.wav,126.19047619047618,M,M
Data/Male/a0261.wav,99.99999999999999,M,M
Data/Male/a0020.wav,110.03591954022986,M,M
Data/Male/a0527.wav,90.85714285714285,M,M
Data/Male/a0552 copy.wav,85.48387096774192,M,M
Data/Male/b0389.wav,108.90410958904108,M,M
Data/Male/b0524.wav,115.21739130434781,M,M
Data/Male/ar-06.wav,112.7659574468085,M,M
Data/Female/a0200.wav,214.86486486486484,F,F
Data/Male/b0249.wav,147.2222222222222,M,M
Data/Female/b0083.wav,206.49350649350646,F,F
Data/Male/b0384.wav,113.57142857142856,M,M
Data/Male/a0491.wav,141.9642857142857,M,M
Data/Male/rb-24 copy.wav,126.19047619047618,M,M
Data/Male/b0412.wav,112.7659574468085,M,M
Data/Male/a0266.wav,118.65671641791045,M,M
Data/Female/en-0729.wav,211.99999999999997,F,F
Data/Male/b0403.wav,112.7659574468085,M,M
Data/Male/a0564.wav,256.45161290322574,M,F
Data/Male/b0284.wav,214.86486486486484,M,F
Data/Female/a0360.wav,193.90243902439022,F,F
Data/Male/a0128.wav,148.59813084112147,M,M
Data/Female/a0358.wav,187.05882352941174,F,F
Data/Male/b0438.wav,111.97183098591547,M,M
Data/Male/a0258.wav,105.30263157894734,M,M
Data/Male/b0004.wav,157.42574257425738,M,M
Data/Male/rp-27.wav,127.19999999999997,M,M
Data/Female/ar-10.wav,196.29629629629628,F,F
Data/Female/b0504.wav,206.49350649350646,F,F
Data/Male/rb-33.wav,154.36893203883494,M,M
Data/Male/a0022.wav,114.38848920863306,M,M
Data/Male/b0348.wav,118.65671641791045,M,M
Data/Male/b0012.wav,160.60606060606057,M,M
Data/Male/a0235.wav,111.59131205673756,M,M
Data/Male/b0302.wav,104.60526315789471,M,M
Data/Male/a0156.wav,120.45454545454542,M,M
Data/Male/a0055.wav,119.54887218045111,M,M
Data/Female/a0527.wav,135.32159930465014,F,M
Data/Male/a0244.wav,121.3740458015267,M,M
Data/Male/a0109.wav,116.91176470588235,M,M
Data/Male/b0312.wav,89.07632916954364,M,M
Data/Male/b0194.wav,126.19047619047618,M,M
Data/Male/b0182.wav,119.54887218045111,M,M
Data/Male/a0047.wav,108.90410958904108,M,M
Data/Male/a0482.wav,89.83050847457626,M,M
Data/Male/b0473.wav,133.61344537815123,M,M
Data/Female/a0187.wav,211.99999999999997,F,F
Data/Male/b0187.wav,91.90751445086703,M,M
Data/Male/b0528.wav,113.57142857142856,M,M
Data/Female/b0429.wav,169.14893617021272,F,F
Data/Male/a0204.wav,118.65671641791045,M,M
Data/Male/a0116.wav,110.41666666666664,M,M
Data/Female/a0005.wav,240.90909090909085,F,F
Data/Male/b0258.wav,203.8461538461538,M,F
Data/Male/b0531.wav,127.19999999999997,M,M
Data/Male/a0319.wav,147.2222222222222,M,M
Data/Male/a0302.wav,94.64285714285712,M,M
Data/Male/a0115.wav,109.65517241379308,M,M
Data/Male/b0108.wav,123.25581395348836,M,M
Data/Female/b0236.wav,170.96774193548384,F,F
Data/Male/a0443.wav,163.08121186618973,M,F
Data/Male/rp-09.wav,111.18881118881117,M,M
Data/Female/b0043.wav,244.61538461538456,F,F
Data/Male/rb-15.wav,124.21874999999999,M,M
Data/Female/b0419.wav,157.42574257425738,F,M
Data/Female/b0492.wav,160.60606060606057,F,F
Data/Female/b0445.wav,184.88372093023253,F,F
Data/Female/a0520.wav,252.38095238095235,F,F
Data/Male/a0336.wav,147.2222222222222,M,M
Data/Female/rb-08.wav,252.38095238095235,F,F
Data/Male/a0188.wav,143.24324324324323,M,M
Data/Male/a0324.wav,101.9230769230769,M,M
Data/Female/b0506.wav,206.49350649350646,F,F
Data/Female/a0127.wav,193.90243902439022,F,F
Data/Female/b0442.wav,152.88461538461536,F,M
Data/Male/a0060.wav,111.97183098591547,M,M
Data/Female/a0171.wav,193.90243902439022,F,F
Data/Male/b0427.wav,184.88372093023253,M,F
Data/Male/a0572.wav,141.9642857142857,M,M
Data/Male/a0268.wav,116.05839416058392,M,M
Data/Male/a0091.wav,126.19047619047618,M,M
Data/Female/a0589.wav,230.43478260869563,F,F
Data/Female/b0238.wav,165.62499999999997,F,F
Data/Female/a0548.wav,214.86486486486484,F,F
Data/Male/b0387.wav,119.54887218045111,M,M
Data/Female/rb-06.wav,217.80821917808217,F,F
Data/Female/a0409.wav,203.8461538461538,F,F
Data/Female/b0276.wav,178.6516853932584,F,F
Data/Female/ar-12.wav,182.75862068965515,F,F
Data/Male/b0479.wav,126.19047619047618,M,M
Data/Female/ar-21.wav,165.62499999999997,F,F
Data/Male/a0104.wav,131.40495867768593,M,M
Data/Female/b0284.wav,203.8461538461538,F,F
Data/Female/b0216.wav,174.72527472527472,F,F
Data/Male/b0493.wav,116.05839416058392,M,M
Data/Male/b0132.wav,94.64285714285712,M,M
Data/Male/b0110.wav,112.7659574468085,M,M
Data/Female/b0320.wav,158.99999999999997,F,M
Data/Female/b0146.wav,203.8461538461538,F,F
Data/Male/b0472.wav,130.327868852459,M,M
Data/Male/b0119.wav,105.99999999999999,M,M
Data/Female/b0305.wav,178.6516853932584,F,F
Data/Female/a0593.wav,240.90909090909085,F,F
Data/Female/a0321.wav,151.42857142857142,F,M
Data/Female/a0133.wav,201.2658227848101,F,F
Data/Male/b0247.wav,122.30769230769228,M,M
Data/Male/b0298.wav,121.8408690546095,M,M
Data/Male/b0285.wav,418.42105263157885,M,F
Data/Female/a0320.wav,154.36893203883494,F,M
Data/Female/a0003.wav,230.43478260869563,F,F
Data/Male/a0329.wav,154.36893203883494,M,M
Data/Male/b0520.wav,113.57142857142856,M,M
Data/Male/b0027.wav,118.65671641791045,M,M
Data/Female/b0041.wav,180.68181818181816,F,F
Data/Male/b0451.wav,122.30769230769228,M,M
Data/Female/b0323.wav,155.88235294117646,F,M
Data/Female/b0306.wav,158.99999999999997,F,M
Data/Male/a0534.wav,129.2682926829268,M,M
Data/Male/b0341.wav,90.34090909090908,M,M
Data/Male/a0255.wav,100.63291139240505,M,M
Data/Male/a0253.wav,99.37499999999999,M,M
Data/Male/a0208.wav,130.327868852459,M,M
Data/Female/a0399.wav,214.86486486486484,F,F
Data/Female/en-0537.wav,217.80821917808217,F,F
Data/Female/b0301.wav,196.29629629629628,F,F
Data/Male/b0184.wav,103.92156862745097,M,M
Data/Male/b0393.wav,139.4736842105263,M,M
Data/Male/b0172.wav,128.22580645161287,M,M
Data/Female/en-0915.wav,189.28571428571425,F,F
Data/Male/a0234.wav,96.95121951219511,M,M
Data/Male/a0593.wav,162.24489795918365,M,F
Data/Male/b0407.wav,113.57142857142856,M,M
Data/Male/a0452.wav,429.7297297297297,M,F
Data/Male/a0334.wav,147.2222222222222,M,M
Data/Female/a0486.wav,167.36842105263153,F,F
Data/Male/a0288.wav,132.49999999999997,M,M
Data/Male/a0372.wav,119.54887218045111,M,M
Data/Male/b0180.wav,109.27964100141708,M,M
Data/Male/rb-12.wav,95.78313253012047,M,M
Data/Female/a0019.wav,191.56626506024094,F,F
Data/Male/a0030.wav,101.9230769230769,M,M
Data/Male/b0208.wav,145.2327327327327,M,M
Data/Female/b0256.wav,209.21052631578942,F,F
Data/Female/b0201.wav,201.2658227848101,F,F
Data/Male/b0243.wav,128.22580645161287,M,M
Data/Female/a0250.wav,174.72527472527472,F,F
Data/Female/a0515.wav,258.5536753040719,F,F
Data/Female/a0522.wav,233.8235294117647,F,F
Data/Female/rb-21.wav,311.7647058823529,F,F
Data/Male/a0065.wav,105.29801324503309,M,M
Data/Female/a0454.wav,248.43749999999997,F,F
Data/Male/a0009.wav,118.65671641791045,M,M
Data/Male/a0221.wav,122.30769230769228,M,M
Data/Male/b0314.wav,92.71215830273357,M,M
Data/Male/b0478.wav,126.19047619047618,M,M
Data/Male/a0413.wav,180.68181818181816,M,F
Data/Male/a0218.wav,115.21739130434781,M,M
Data/Female/a0202.wav,187.05882352941174,F,F
Data/Female/a0383.wav,233.8235294117647,F,F
Data/Female/b0026.wav,174.72527472527472,F,F
Data/Male/a0136.wav,116.91176470588235,M,M
Data/Female/a0255.wav,158.99999999999997,F,M
Data/Male/b0471.wav,124.21874999999999,M,M
Data/Male/b0495.wav,116.05839416058392,M,M
Data/Female/a0533.wav,182.75862068965515,F,F
Data/Male/a0118.wav,106.71140939597313,M,M
Data/Male/a0502.wav,170.96774193548384,M,F
Data/Female/b0079.wav,217.80821917808217,F,F
Data/Male/a0465.wav,111.97183098591547,M,M
Data/Male/b0323.wav,149.99999999999997,M,M
Data/Male/a0468.wav,108.16326530612243,M,M
Data/Male/a0547.wav,125.19685039370076,M,M
Data/Male/a0082.wav,124.70780019685037,M,M
Data/Female/en-0731.wav,206.49350649350646,F,F
Data/Male/b0009.wav,155.88235294117646,M,M
Data/Male/b0006.wav,151.42857142857142,M,M
Data/Male/a0140 copy.wav,111.97183098591547,M,M
Data/Male/a0472.wav,123.25581395348836,M,M
Data/Male/a0498.wav,122.30769230769228,M,M
Data/Male/a0364.wav,129.2682926829268,M,M
Data/Male/a0589.wav,103.92156862745097,M,M
Data/Male/b0353.wav,138.86727688787184,M,M
Data/Male/a0140.wav,111.97183098591547,M,M
Data/Male/a0036.wav,127.19999999999997,M,M
Data/Female/en-0648.wav,227.1428571428571,F,F
Data/Male/b0032.wav,119.54887218045111,M,M
Data/Male/a0346.wav,114.39440993788818,M,M
Data/Male/b0454.wav,93.26235035090133,M,M
Data/Male/b0188.wav,95.78313253012047,M,M
Data/Male/a0536.wav,154.36893203883494,M,M
Data/Female/a0525.wav,135.32159930465014,F,M
Data/Male/b0295.wav,122.30769230769228,M,M
Data/Female/b0465.wav,154.36893203883494,F,M
Data/Male/a0099.wav,128.22580645161287,M,M
Data/Male/b0217.wav,147.2222222222222,M,M
Data/Male/b0337.wav,89.3258426966292,M,M
Data/Male/b0186.wav,85.94594594594592,M,M
Data/Male/b0299.wav,157.42574257425738,M,M
Data/Male/b0096.wav,128.22580645161287,M,M
Data/Female/en-0730.wav,217.80821917808217,F,F
Data/Male/rp-20.wav,162.24489795918365,M,F
Data/Male/b0440.wav,111.58032108736333,M,M
Data/Male/a0588.wav,88.33333333333331,M,M
Data/Female/a0411.wav,203.8461538461538,F,F
Data/Male/a0461.wav,91.37931034482757,M,M
Data/Male/a0575.wav,132.49999999999997,M,M
Data/Female/b0302.wav,184.88372093023253,F,F
Data/Male/a0131.wav,141.9642857142857,M,M
Data/Female/b0028.wav,160.60606060606057,F,F
Data/Female/a0249.wav,172.82608695652172,F,F
Data/Male/b0444.wav,124.21874999999999,M,M
Data/Male/b0442.wav,138.26086956521738,M,M
Data/Female/b0271.wav,189.28571428571425,F,F
Data/Male/b0456.wav,109.65517241379308,M,M
Data/Male/a0230.wav,116.48507943323312,M,M
Data/Male/a0134.wav,116.05839416058392,M,M
Data/Male/a0259.wav,106.35570469798657,M,M
Data/Male/b0062.wav,120.45454545454542,M,M
Data/Male/a0262.wav,112.36889421636198,M,M
Data/Female/b0259.wav,230.43478260869563,F,F
Data/Female/b0503.wav,230.43478260869563,F,F
Data/Female/a0042.wav,206.49350649350646,F,F
Data/Female/rp-10.wav,209.21052631578942,F,F
Data/Male/b0219.wav,144.54545454545453,M,M
Data/Male/a0213.wav,132.49999999999997,M,M
Data/Male/a0368 copy.wav,147.2222222222222,M,M
Data/Female/b0366.wav,232.12915601023016,F,F
Data/Male/b0078.wav,128.22580645161287,M,M
Data/Female/b0170.wav,222.38849765258212,F,F
Data/Male/a0339.wav,220.8333333333333,M,F
Data/Male/a0064.wav,110.03591954022986,M,M
Data/Male/b0355.wav,141.9642857142857,M,M
Data/Male/a0402.wav,223.94366197183095,M,F
Data/Male/a0077.wav,108.90410958904108,M,M
Data/Male/b0316.wav,91.90751445086703,M,M
Data/Male/a0467.wav,103.24675324675323,M,M
Data/Male/a0085.wav,99.99999999999999,M,M
Data/Male/b0452.wav,139.4736842105263,M,M
Data/Male/b0352.wav,131.40495867768593,M,M
Data/Male/b0039.wav,129.2682926829268,M,M
Data/Female/rp-01.wav,289.09090909090907,F,F
Data/Male/a0102.wav,133.61344537815123,M,M
Data/Female/b0037.wav,154.36893203883494,F,M
Data/Male/b0134.wav,101.59848113669767,M,M
Data/Female/b0359.wav,165.62499999999997,F,F
Data/Male/a0127.wav,135.32159930465014,M,M
Data/Male/b0079.wav,132.49999999999997,M,M
Data/Male/b0237.wav,107.43243243243242,M,M
Data/Male/a0405.wav,147.2222222222222,M,M
Data/Male/a0412.wav,121.3740458015267,M,M
Data/Male/b0224 copy.wav,128.22580645161287,M,M
Data/Male/rp-26.wav,108.16326530612243,M,M
Data/Male/a0299.wav,113.16869300911853,M,M
Data/Female/rb-34.wav,237.3134328358209,F,F
Data/Male/a0546.wav,178.6516853932584,M,F
Data/Female/b0433.wav,170.96774193548384,F,F
Data/Male/a0328.wav,143.24324324324323,M,M
Data/Male/a0581.wav,86.64914468995009,M,M
Data/Male/b0135.wav,99.37499999999999,M,M
Data/Male/b0241.wav,474.7326203208555,M,F
Data/Female/b0355.wav,176.66666666666663,F,F
Data/Female/rb-16.wav,223.94366197183095,F,F
Data/Male/a0503.wav,108.90410958904108,M,M
Data/Female/en-0732.wav,220.8333333333333,F,F
Data/Male/a0541.wav,158.21287128712868,M,M
Data/Female/a0040.wav,217.80821917808217,F,F
Data/Male/b0416.wav,174.72527472527472,M,F
Data/Male/b0206.wav,135.32159930465014,M,M
Data/Female/b0160.wav,209.21052631578942,F,F
Data/Male/a0160.wav,132.49999999999997,M,M
Data/Female/a0182.wav,155.88235294117646,F,M
Data/Male/b0204.wav,141.9642857142857,M,M
Data/Male/b0047.wav,133.61344537815123,M,M
Data/Male/b0281.wav,122.78175313059032,M,M
Data/Female/b0234.wav,169.14893617021272,F,F
Data/Male/b0061.wav,96.36363636363636,M,M
Data/Male/a0445.wav,172.82608695652172,M,F
Data/Male/b0223.wav,148.59813084112147,M,M
Data/Male/rb-03.wav,104.60526315789471,M,M
Data/Male/a0254.wav,101.27388535031845,M,M
Data/Male/rp-31.wav,99.99999999999999,M,M
Data/Female/a0354.wav,198.74999999999997,F,F
Data/Male/b0399.wav,132.49999999999997,M,M
Data/Male/b0071.wav,113.97995889003082,M,M
Data/Male/a0446.wav,170.96774193548384,M,F
Data/Female/b0297.wav,187.05882352941174,F,F
Data/Female/a0552.wav,184.88372093023253,F,F
Data/Male/a0222.wav,120.45454545454542,M,M
Data/Male/b0296.wav,133.61344537815123,M,M
Data/Male/a0248.wav,99.37499999999999,M,M
Data/Male/rb-30.wav,113.57142857142856,M,M
Data/Female/a0540.wav,190.4259896729776,F,F
Data/Male/b0002.wav,158.99999999999997,M,M
Data/Female/a0234.wav,187.05882352941174,F,F
Data/Male/rp-05.wav,131.40495867768593,M,M
Data/Male/b0369.wav,141.9642857142857,M,M
Data/Male/a0389.wav,145.88383838383837,M,M
Data/Female/b0029.wav,170.05833905284828,F,F
Data/Male/a0349.wav,120.45454545454542,M,M
Data/Female/b0168.wav,214.86486486486484,F,F
Data/Male/b0227 copy.wav,127.19999999999997,M,M
Data/Male/a0423.wav,130.327868852459,M,M
Data/Female/b0239.wav,167.36842105263153,F,F
Data/Male/b0382.wav,108.90410958904108,M,M
Data/Male/b0455.wav,105.29801324503309,M,M
Data/Male/b0116.wav,105.64900662251654,M,M
Data/Male/a0096.wav,108.53368744758176,M,M
Data/Male/b0068.wav,116.05839416058392,M,M
Data/Male/a0326.wav,139.4736842105263,M,M
Data/Female/en-0538.wav,233.8235294117647,F,F
Data/Female/a0390.wav,239.11126187245588,F,F
Data/Male/a0477.wav,160.60606060606057,M,M
Data/Male/a0105.wav,145.87155963302752,M,M
Data/Female/rp-08.wav,233.8235294117647,F,F
Data/Male/b0076.wav,91.90751445086703,M,M
Data/Male/a0282.wav,189.28571428571425,M,F
Data/Male/a0021.wav,126.19047619047618,M,M
Data/Male/b0101.wav,117.77777777777776,M,M
Data/Male/a0504.wav,137.06896551724137,M,M
Data/Male/b0539.wav,147.2222222222222,M,M
Data/Female/b0012.wav,167.36842105263153,F,F
Data/Male/rp-29.wav,103.24675324675323,M,M
Data/Male/b0354.wav,139.4844170834936,M,M
Data/Male/b0073.wav,94.08284023668638,M,M
Data/Female/rb-19.wav,217.80821917808217,F,F
Data/Male/a0512.wav,135.89743589743588,M,M
Data/Male/a0533.wav,123.73728197674417,M,M
Data/Male/b0165.wav,120.00170881749827,M,M
Data/Male/b0522.wav,133.0567226890756,M,M
Data/Male/rb-24.wav,127.19999999999997,M,M
Data/Male/b0019.wav,109.27964100141708,M,M
Data/Female/en-0914.wav,214.86486486486484,F,F
Data/Male/b0486.wav,108.90410958904108,M,M
Data/Male/a0260.wav,116.91808596918084,M,M
Data/Male/b0157.wav,201.2658227848101,M,F
Data/Female/a0357.wav,191.56626506024094,F,F
Data/Male/b0037.wav,129.2682926829268,M,M
Data/Male/a0111.wav,120.45454545454542,M,M
Data/Female/a0172.wav,201.2658227848101,F,F
Data/Male/a0586.wav,108.90410958904108,M,M
Data/Male/a0232.wav,105.29801324503309,M,M
Data/Male/b0327.wav,166.49671052631575,M,F
Data/Male/b0477.wav,129.2682926829268,M,M
Data/Male/b0345.wav,92.17468745799164,M,M
Data/Female/a0194.wav,274.13793103448273,F,F
Data/Male/a0542.wav,154.36893203883494,M,M
Data/Male/b0058.wav,113.57142857142856,M,M
Data/Male/a0273.wav,115.21739130434781,M,M
Data/Male/b0333.wav,89.83050847457626,M,M
Data/Female/b0067.wav,209.21052631578942,F,F
Data/Female/b0155.wav,145.87155963302752,F,M
Data/Female/b0311.wav,160.60606060606057,F,F
Data/Male/a0383.wav,154.36893203883494,M,M
Data/Male/a0029.wav,105.99999999999999,M,M
Data/Female/b0087.wav,217.80821917808217,F,F
Data/Male/a0239.wav,95.20958083832333,M,M
Data/Male/a0011.wav,114.80294025649044,M,M
Data/Female/a0459.wav,256.45161290322574,F,F
Data/Male/a0561.wav,92.44186046511626,M,M
Data/Female/ar-19.wav,209.21052631578942,F,F
Data/Male/b0051.wav,103.24675324675323,M,M
Data/Male/b0007.wav,148.59813084112147,M,M
Data/Male/a0162.wav,122.30769230769228,M,M
Data/Male/b0347.wav,111.18881118881117,M,M
Data/Male/b0402.wav,108.16326530612243,M,M
Data/Male/b0231.wav,125.19685039370076,M,M
Data/Female/b0421.wav,151.42857142857142,F,M
Data/Male/b0279.wav,123.25581395348836,M,M
Data/Female/a0131.wav,191.56626506024094,F,F
Data/Male/a0240.wav,89.83050847457626,M,M
Data/Female/a0315.wav,176.66666666666663,F,F
Data/Male/b0203.wav,134.1796040450078,M,M
Data/Male/b0190.wav,114.38848920863306,M,M
Data/Male/b0255.wav,118.65671641791045,M,M
Data/Male/a0447 copy.wav,248.43749999999997,M,F
Data/Female/en-0920.wav,203.8461538461538,F,F
Data/Female/a0489.wav,162.24489795918365,F,F
Data/Male/b0043.wav,111.18881118881117,M,M
Data/Male/a0088.wav,98.75776397515526,M,M
Data/Male/a0429.wav,91.90751445086703,M,M
Data/Female/a0547.wav,220.8333333333333,F,F
Data/Male/a0406.wav,138.26086956521738,M,M
Data/Male/a0297.wav,93.80612600069612,M,M
Data/Female/b0354.wav,189.28571428571425,F,F
Data/Female/a0405.wav,201.2658227848101,F,F
Data/Male/a0345.wav,122.30769230769228,M,M
Data/Male/a0524.wav,128.22580645161287,M,M
Data/Female/b0060.wav,201.2658227848101,F,F
Data/Male/a0227.wav,115.21739130434781,M,M
Data/Male/a0525.wav,116.91176470588235,M,M
Data/Male/a0243.wav,119.10279429918077,M,M
Data/Male/b0344.wav,86.41304347826086,M,M
Data/Female/b0480.wav,244.61538461538456,F,F
Data/Male/b0328.wav,116.91176470588235,M,M
Data/Female/b0294.wav,182.75862068965515,F,F
Data/Male/a0177.wav,144.54545454545453,M,M
Data/Male/b0537.wav,145.87155963302752,M,M
Data/Female/rb-22.wav,223.94366197183095,F,F
Data/Male/b0511.wav,129.2682926829268,M,M
Data/Female/rb-03.wav,227.1428571428571,F,F
Data/Male/b0178.wav,133.61344537815123,M,M
Data/Male/a0521.wav,120.45454545454542,M,M
Data/Male/b0109.wav,115.21739130434781,M,M
Data/Female/b0212.wav,172.82608695652172,F,F
Data/Female/b0443.wav,193.90243902439022,F,F
Data/Male/b0392.wav,131.40495867768593,M,M
Data/Male/b0142.wav,157.42574257425738,M,M
Data/Male/a0278.wav,127.19999999999997,M,M
Data/Male/b0141.wav,163.91752577319585,M,F
Data/Male/a0023.wav,105.29801324503309,M,M
Data/Female/b0053.wav,160.60606060606057,F,F
Data/Female/b0024.wav,160.60606060606057,F,F
Data/Male/b0112.wav,105.64900662251654,M,M
Data/Female/a0244.wav,149.99999999999997,F,M
Data/Male/b0534.wav,114.80294025649044,M,M
Data/Female/a0403.wav,197.52314814814812,F,F
Data/Female/b0008.wav,172.82608695652172,F,F
Data/Female/b0432.wav,172.82608695652172,F,F
Data/Female/b0279.wav,162.24489795918365,F,F
Data/Female/b0163.wav,220.8333333333333,F,F
Data/Female/a0245.wav,167.36842105263153,F,F
Data/Female/b0428.wav,154.36893203883494,F,M
Data/Female/a0204.wav,191.56626506024094,F,F
Data/Male/b0377.wav,169.14893617021272,M,F
Data/Male/a0158.wav,117.34477124183005,M,M
Data/Male/a0347.wav,123.25581395348836,M,M
Data/Male/a0093.wav,94.64285714285712,M,M
Data/Male/a0516.wav,160.60606060606057,M,M
Data/Female/b0469.wav,172.82608695652172,F,F
Data/Male/b0164.wav,123.25581395348836,M,M
Data/Male/b0060.wav,91.6434123978473,M,M
Data/Male/b0329.wav,141.9642857142857,M,M
Data/Male/a0545.wav,117.77777777777776,M,M
Data/Female/b0142.wav,183.82117080994385,F,F
Data/Female/en-0535.wav,211.99999999999997,F,F
Data/Male/b0244.wav,92.98245614035086,M,M
Data/Male/a0206.wav,132.49999999999997,M,M
Data/Male/a0061.wav,120.45454545454542,M,M
Data/Female/a0398.wav,201.2658227848101,F,F
Data/Male/b0212.wav,149.99999999999997,M,M
Data/Male/a0570.wav,139.4736842105263,M,M
Data/Male/b0181.wav,107.43243243243242,M,M
Data/Male/a0375.wav,99.37499999999999,M,M
Data/Male/a0121.wav,113.57142857142856,M,M
Data/Male/a0438.wav,128.22580645161287,M,M
Data/Female/en-0540.wav,214.86486486486484,F,F
Data/Female/b0150.wav,169.14893617021272,F,F
Data/Male/b0017.wav,184.88372093023253,M,F
Data/Female/b0277.wav,201.2658227848101,F,F
Data/Female/b0420.wav,149.29906542056074,F,M
Data/Male/a0063.wav,119.54887218045111,M,M
Data/Female/rb-37.wav,240.90909090909085,F,F
Data/Male/a0560.wav,87.36263736263736,M,M
Data/Male/rp-22.wav,147.2222222222222,M,M
Data/Male/a0072.wav,152.88461538461536,M,M
Data/Male/b0466.wav,114.38848920863306,M,M
Data/Male/rp-04.wav,95.20958083832333,M,M
Data/Female/b0437.wav,145.87155963302752,F,M
Data/Female/a0257.wav,148.59813084112147,F,M
Data/Male/b0380.wav,165.62499999999997,M,F
Data/Male/a0226.wav,118.21724709784411,M,M
Data/Female/b0082.wav,220.8333333333333,F,F
Data/Male/b0405.wav,109.65517241379308,M,M
Data/Male/b0067.wav,114.38848920863306,M,M
Data/Male/a0001.wav,158.99999999999997,M,M
Data/Female/a0018.wav,141.9642857142857,F,M
Data/Male/a0256.wav,96.0733844468784,M,M
Data/Female/a0126.wav,187.05882352941174,F,F
Data/Male/b0340.wav,90.08570878274267,M,M
Data/Male/b0429.wav,155.88235294117646,M,M
Data/Male/a0225.wav,130.86641376507248,M,M
Data/Male/a0196.wav,135.89743589743588,M,M
Data/Male/a0164.wav,115.21739130434781,M,M
Data/Male/en-0190.wav,113.57142857142856,M,M
Data/Male/b0050.wav,107.79784886927743,M,M
Data/Male/a0558.wav,85.94594594594592,M,M
Data/Male/b0100.wav,127.19999999999997,M,M
Data/Female/rp-07.wav,217.80821917808217,F,F
Data/Female/rb-10.wav,240.90909090909085,F,F
Data/Female/b0286.wav,233.8235294117647,F,F
Data/Male/b0195.wav,115.21739130434781,M,M
Data/Female/a0205.wav,248.43749999999997,F,F
Data/Male/b0220 copy.wav,125.19685039370076,M,M
Data/Male/a0315.wav,137.06896551724137,M,M
Data/Male/a0202.wav,135.89743589743588,M,M
Data/Female/a0165.wav,202.55598831548195,F,F
Data/Female/rp-14.wav,198.74999999999997,F,F
Data/Male/a0016.wav,123.25581395348836,M,M
Data/Male/a0027.wav,119.54887218045111,M,M
Data/Female/b0253.wav,211.99999999999997,F,F
Data/Male/b0415.wav,174.72527472527472,M,F
Data/Male/b0371.wav,114.38848920863306,M,M
Data/Male/a0578.wav,107.43243243243242,M,M
Data/Female/b0034.wav,201.2658227848101,F,F
Data/Male/b0235.wav,126.19047619047618,M,M
Data/Male/a0210.wav,129.2682926829268,M,M
Data/Male/a0125.wav,149.99999999999997,M,M
Data/Male/b0280.wav,108.90410958904108,M,M
Data/Male/b0435.wav,129.7980807676929,M,M
Data/Female/a0414.wav,198.74999999999997,F,F
Data/Male/rb-34.wav,158.99999999999997,M,M
Data/Female/a0458.wav,248.43749999999997,F,F
Data/Female/a0038.wav,211.99999999999997,F,F
Data/Female/rp-13.wav,220.8333333333333,F,F
Data/Male/a0397.wav,113.57142857142856,M,M
Data/Male/b0410.wav,126.19047619047618,M,M
Data/Male/a0201.wav,95.20958083832333,M,M
Data/Male/b0200.wav,138.26086956521738,M,M
Data/Male/b0166.wav,148.59813084112147,M,M
Data/Female/a0448.wav,223.94366197183095,F,F
Data/Male/b0054.wav,123.73728197674417,M,M
Data/Female/a0014.wav,132.49999999999997,F,M
Data/Male/b0169.wav,126.19047619047618,M,M
Data/Male/b0276.wav,111.97183098591547,M,M
Data/Female/a0185.wav,205.16983016983013,F,F
Data/Male/a0531.wav,105.99999999999999,M,M
Data/Male/a0216.wav,131.40495867768593,M,M
Data/Female/a0001.wav,211.99999999999997,F,F
Data/Male/a0433.wav,128.22580645161287,M,M
Data/Male/b0070.wav,123.25581395348836,M,M
Data/Male/a0074.wav,108.90410958904108,M,M
Data/Male/a0416.wav,134.7457627118644,M,M
Data/Female/b0464.wav,151.42857142857142,F,M
Data/Male/b0248.wav,143.24324324324323,M,M
Data/Male/a0454.wav,117.34477124183005,M,M
Data/Female/b0196.wav,264.99999999999994,F,F
Data/Male/b0111.wav,118.65671641791045,M,M
Data/Female/rb-13.wav,227.1428571428571,F,F
Data/Male/rb-16.wav,95.78313253012047,M,M
Data/Female/a0370.wav,148.59813084112147,F,M
Data/Male/b0023.wav,106.71140939597313,M,M
Data/Male/a0410.wav,132.49999999999997,M,M
Data/Male/a0146.wav,119.54887218045111,M,M
Data/Male/a0028.wav,113.57142857142856,M,M
Data/Female/b0287.wav,174.72527472527472,F,F
Data/Male/b0227.wav,150.7142857142857,M,M
Data/Female/a0443.wav,217.80821917808217,F,F
Data/Male/a0310.wav,154.36893203883494,M,M
Data/Male/b0317.wav,90.34090909090908,M,M
Data/Male/a0511.wav,129.7980807676929,M,M
Data/Male/b0359.wav,139.4736842105263,M,M
Data/Male/b0320.wav,91.90751445086703,M,M
Data/Male/a0318.wav,129.2682926829268,M,M
Data/Male/b0287.wav,85.02673796791443,M,M
Data/Female/a0392.wav,233.8235294117647,F,F
Data/Male/a0280.wav,105.29801324503309,M,M
Data/Male/a0130.wav,124.21874999999999,M,M
Data/Female/b0165.wav,211.99999999999997,F,F
Data/Male/b0104.wav,121.3740458015267,M,M
Data/Male/b0256.wav,122.30769230769228,M,M
Data/Female/en-0917.wav,206.49350649350646,F,F
Data/Female/a0128.wav,189.28571428571425,F,F
Data/Female/b0441.wav,145.87155963302752,F,M
Data/Female/b0233.wav,161.42547928262212,F,F
Data/Male/a0342.wav,123.25581395348836,M,M
Data/Male/a0073.wav,111.18881118881117,M,M
Data/Male/b0460.wav,106.71140939597313,M,M
Data/Male/a0538.wav,144.54545454545453,M,M
Data/Male/a0107.wav,133.61344537815123,M,M
Data/Male/b0421.wav,113.57142857142856,M,M
Data/Male/a0209.wav,141.9642857142857,M,M
Data/Female/b0148.wav,191.56626506024094,F,F
Data/Male/a0403.wav,223.94366197183095,M,F
Data/Male/b0139.wav,121.8408690546095,M,M
Data/Male/a0453.wav,424.67948717948707,M,F
Data/Male/a0242.wav,120.91429562803606,M,M
Data/Male/a0228.wav,113.57142857142856,M,M
Data/Male/b0022.wav,108.90410958904108,M,M
Data/Male/a0114.wav,112.7659574468085,M,M
Data/Male/b0529.wav,126.19047619047618,M,M
Data/Male/a0556.wav,90.85714285714285,M,M
Data/Male/b0423.wav,123.25581395348836,M,M
Data/Male/b0446.wav,128.22580645161287,M,M
Data/Female/b0036.wav,201.2658227848101,F,F
Data/Male/b0319.wav,90.59902597402596,M,M
Data/Male/b0330.wav,132.49999999999997,M,M
Data/Male/a0056.wav,119.54887218045111,M,M
Data/Male/b0425.wav,115.63789273246587,M,M
Data/Female/a0238.wav,151.42857142857142,F,M
Data/Male/a0040.wav,117.77777777777776,M,M
Data/Male/a0420.wav,119.54887218045111,M,M
Data/Male/a0464.wav,103.92156862745097,M,M
Data/Male/a0275.wav,95.78313253012047,M,M
